"stabb.x","stabb.y","styear","endyear"
"USA","UKG",1902,1903
"AUH","YUG",1913,1913
"ALB","UKG",1946,1946
"UKG","EGY",1951,1952
"UKG","IRN",1856,1857
"UKG","POR",1889,1890
"GMY","AUS",1938,1938
"GMY","USR",1938,1938
"GMY","BEL",1938,1938
"GMY","UKG",1938,1938
"GMY","FRN",1938,1938
"GMY","CZE",1938,1938
"UKG","JPN",1863,1863
"USA","JPN",1863,1863
"FRN","JPN",1863,1863
"UKG","TUR",1895,1895
"USA","UKG",1839,1839
"JPN","KOR",1897,1898
"UKG","KOR",1897,1898
"JPN","USR",1897,1898
"UKG","USR",1897,1898
"AUH","TUS",1848,1848
"AUH","MOD",1848,1848
"AUH","ITA",1848,1849
"USR","IRN",1945,1946
"AUH","YUG",1912,1912
"AUH","USR",1912,1912
"USR","LAT",1940,1940
"USR","EST",1939,1939
"NTH","UKG",1831,1832
"NTH","BEL",1831,1832
"NTH","FRN",1831,1831
"USR","USA",1948,1949
"USR","UKG",1948,1949
"USR","FRN",1948,1949
"UKG","CZE",1961,1961
"FRN","CZE",1961,1961
"USA","CZE",1961,1961
"GFR","CZE",1961,1961
"UKG","POL",1961,1961
"FRN","POL",1961,1961
"USA","POL",1961,1961
"GFR","POL",1961,1961
"UKG","GDR",1961,1961
"FRN","GDR",1961,1961
"USA","GDR",1961,1961
"GFR","GDR",1961,1961
"UKG","USR",1961,1961
"FRN","USR",1961,1961
"USA","USR",1961,1961
"GFR","USR",1961,1961
"TUN","FRN",1961,1961
"YUG","AUH",1908,1909
"AUH","CHN",1900,1900
"ITA","CHN",1900,1900
"GMY","CHN",1900,1900
"USA","CHN",1900,1900
"UKG","CHN",1900,1900
"FRN","CHN",1900,1900
"USR","CHN",1900,1900
"JPN","CHN",1900,1900
"UKG","USA",1837,1838
"JPN","CHN",1928,1928
"CHN","USR",1929,1929
"GMY","CHN",1897,1898
"ROK","USR",1953,1953
"USA","USR",1953,1954
"TAW","USR",1953,1954
"ROK","CHN",1953,1953
"USA","CHN",1953,1956
"TAW","CHN",1953,1956
"CHN","NEW",1950,1953
"PRK","NEW",1950,1953
"CHN","PHI",1950,1953
"PRK","PHI",1950,1953
"CHN","NTH",1950,1953
"PRK","NTH",1950,1953
"CHN","GRC",1950,1953
"PRK","GRC",1950,1953
"CHN","BEL",1950,1953
"PRK","BEL",1950,1953
"CHN","COL",1950,1953
"PRK","COL",1950,1953
"CHN","THI",1950,1953
"PRK","THI",1950,1953
"CHN","ETH",1950,1953
"PRK","ETH",1950,1953
"CHN","CAN",1950,1953
"PRK","CAN",1950,1953
"CHN","FRN",1950,1953
"PRK","FRN",1950,1953
"CHN","AUL",1950,1953
"PRK","AUL",1950,1953
"CHN","TUR",1950,1953
"PRK","TUR",1950,1953
"CHN","UKG",1950,1953
"PRK","UKG",1950,1953
"CHN","ROK",1950,1953
"PRK","ROK",1950,1953
"CHN","USA",1950,1953
"PRK","USA",1950,1953
"CHN","USA",1956,1956
"ITA","GRC",1923,1923
"FRN","TUR",1897,1897
"GMY","TUR",1897,1897
"AUH","TUR",1897,1897
"ITA","TUR",1897,1897
"UKG","TUR",1897,1897
"USR","TUR",1897,1897
"FRN","GRC",1897,1897
"GMY","GRC",1897,1897
"AUH","GRC",1897,1897
"ITA","GRC",1897,1897
"UKG","GRC",1897,1897
"USR","GRC",1897,1897
"USR","AUH",1853,1856
"USR","ITA",1853,1856
"USR","TUR",1853,1856
"USR","UKG",1853,1856
"USR","FRN",1853,1856
"USA","USR",1962,1962
"USA","CUB",1962,1962
"USR","TUR",1826,1826
"AUH","RUM",1883,1883
"YUG","GMY",1934,1934
"ITA","GMY",1934,1934
"CZE","GMY",1934,1934
"FRN","DOM",1900,1900
"USA","DOM",1900,1900
"USA","DOM",1914,1916
"UKG","GRC",1850,1850
"UKG","FRN",1898,1898
"AUH","PAP",1847,1848
"SPN","MOR",1907,1908
"FRN","MOR",1907,1908
"FRN","GMY",1870,1871
"FRN","BAD",1870,1870
"FRN","WRT",1870,1870
"FRN","BAV",1870,1870
"USR","SPN",1822,1823
"GMY","SPN",1822,1823
"AUH","SPN",1822,1823
"FRN","SPN",1822,1823
"USR","TUR",1887,1887
"FRN","GAB",1964,1964
"GMY","HAI",1909,1910
"ITA","GRC",1886,1886
"UKG","GRC",1886,1886
"GMY","GRC",1886,1886
"AUH","GRC",1886,1886
"USR","GRC",1886,1886
"USA","HAI",1914,1915
"USR","CHN",1880,1880
"GMY","JPN",1895,1895
"FRN","JPN",1895,1895
"USR","JPN",1895,1895
"ITA","ALB",1939,1939
"AUH","ITA",1904,1904
"UKG","ITA",1934,1936
"ETH","ITA",1934,1936
"ITA","FRN",1860,1860
"ITA","PAP",1860,1860
"ITA","FRN",1860,1861
"ITA","SIC",1860,1861
"ITA","TUR",1911,1911
"GMY","FRN",1859,1859
"AUH","FRN",1859,1859
"GMY","ITA",1859,1859
"AUH","ITA",1859,1859
"UKG","USR",1885,1885
"USA","AUH",1853,1853
"IRQ","IRN",1961,1961
"IRQ","SAU",1961,1962
"IRQ","TUN",1961,1962
"IRQ","UKG",1961,1962
"IRQ","SUD",1961,1962
"IRQ","EGY",1961,1962
"IRQ","JOR",1961,1962
"IRQ","KUW",1961,1962
"FRN","ARG",1845,1846
"UKG","ARG",1845,1846
"USA","EGY",1958,1958
"UKG","EGY",1958,1958
"USA","IRQ",1958,1958
"UKG","IRQ",1958,1958
"USA","USR",1958,1958
"UKG","USR",1958,1958
"USR","TUR",1853,1853
"AUH","TUR",1853,1853
"ITA","GMY",1921,1921
"UKG","GMY",1921,1921
"BEL","GMY",1921,1921
"FRN","GMY",1921,1921
"USR","TUR",1905,1905
"UKG","TUR",1905,1905
"FRN","TUR",1905,1905
"ITA","TUR",1905,1905
"AUH","TUR",1905,1905
"JPN","CHN",1931,1933
"USR","KOR",1899,1900
"USR","JPN",1899,1900
"LIT","ITA",1923,1923
"LIT","UKG",1923,1923
"LIT","FRN",1923,1923
"GMY","LIT",1939,1939
"SPN","MEX",1861,1862
"UKG","MEX",1861,1862
"FRN","MEX",1861,1867
"USA","MEX",1913,1914
"UKG","POR",1831,1831
"CHN","JPN",1934,1935
"GMY","TUR",1880,1880
"ITA","TUR",1880,1880
"USR","TUR",1880,1880
"FRN","TUR",1880,1880
"UKG","TUR",1880,1881
"AUH","TUR",1880,1880
"GRC","TUR",1880,1881
"USR","TUR",1821,1821
"USA","UKG",1854,1854
"UKG","CHN",1927,1927
"ITA","CHN",1927,1927
"USA","CHN",1927,1927
"POR","CHN",1927,1927
"SPN","CHN",1927,1927
"FRN","CHN",1927,1927
"JPN","CHN",1927,1927
"FRN","TUR",1827,1828
"USR","TUR",1827,1828
"UKG","TUR",1827,1828
"AUH","SIC",1821,1821
"CHN","NEP",1959,1960
"GMY","SWZ",1856,1857
"USA","NIC",1926,1926
"FRN","UKG",1896,1898
"FRN","USR",1833,1833
"UKG","USR",1833,1833
"FRN","TUR",1833,1833
"UKG","TUR",1833,1833
"GMY","AUH",1850,1850
"GMY","WRT",1850,1850
"GMY","BAV",1850,1850
"GMY","HSE",1850,1850
"GMY","FRN",1850,1850
"GMY","USR",1850,1850
"TUR","UKG",1906,1906
"JPN","CHN",1937,1941
"COS","PAN",1921,1921
"USA","PAN",1921,1921
"USA","COL",1903,1904
"FRN","MEX",1838,1839
"FRN","MOR",1904,1904
"UKG","MOR",1904,1904
"USA","MOR",1904,1904
"USR","IRN",1911,1912
"USR","IRN",1908,1908
"AUH","ITA",1821,1821
"USR","POL",1939,1939
"CHN","TAW",1962,1962
"CHN","USA",1962,1962
"USR","USA",1958,1958
"CHN","USA",1958,1958
"USR","TAW",1958,1958
"CHN","TAW",1958,1958
"GMY","FRN",1936,1936
"GMY","BEL",1936,1936
"AUH","PAP",1849,1849
"FRN","PAP",1849,1849
"SIC","PAP",1849,1849
"FRN","GMY",1922,1923
"BEL","GMY",1922,1923
"USR","JPN",1932,1935
"USR","FIN",1939,1940
"USR","KOR",1903,1905
"USR","JPN",1903,1905
"USR","JPN",1935,1936
"MON","JPN",1935,1936
"USR","JPN",1939,1939
"MON","JPN",1939,1939
"USR","JPN",1938,1938
"USR","POL",1956,1956
"UKG","USR",1920,1920
"USR","TUR",1876,1878
"USR","TUR",1827,1829
"GMY","UKG",1888,1889
"GMY","USA",1888,1889
"HAN","UKG",1863,1864
"BAD","UKG",1863,1863
"WRT","UKG",1863,1864
"HSG","UKG",1863,1864
"SAX","UKG",1863,1864
"AUH","UKG",1863,1864
"GMY","UKG",1863,1864
"HAN","DEN",1863,1864
"BAD","DEN",1863,1863
"WRT","DEN",1863,1864
"HSG","DEN",1863,1864
"SAX","DEN",1863,1864
"AUH","DEN",1863,1864
"GMY","DEN",1863,1864
"FRN","UKG",1893,1893
"FRN","THI",1893,1893
"UKG","USR",1917,1920
"JPN","USR",1917,1920
"FRN","USR",1917,1920
"ITA","USR",1917,1920
"USA","USR",1917,1920
"GRC","USR",1917,1919
"RUM","USR",1917,1919
"YUG","USR",1917,1919
"CAN","USR",1917,1919
"FRN","SIC",1848,1848
"UKG","SIC",1848,1848
"IND","CHN",1961,1962
"USR","FRN",1956,1956
"EGY","FRN",1955,1956
"USR","UKG",1956,1956
"EGY","UKG",1955,1956
"USR","USA",1956,1956
"EGY","USA",1955,1956
"USR","ISR",1955,1956
"EGY","ISR",1955,1956
"CHN","FRN",1883,1885
"IND","CHN",1959,1961
"UKG","USA",1858,1858
"USA","USR",1953,1953
"UKG","USR",1953,1953
"USA","CZE",1953,1953
"UKG","CZE",1953,1953
"GMY","SPN",1936,1939
"POR","SPN",1936,1939
"ITA","SPN",1936,1939
"GMY","BEL",1920,1920
"GMY","FRN",1920,1920
"FRN","AUH",1888,1888
"FRN","ITA",1888,1888
"FRN","UKG",1888,1888
"FRN","GMY",1840,1840
"FRN","USR",1840,1840
"FRN","AUH",1840,1840
"FRN","UKG",1840,1840
"FRN","CHN",1870,1870
"ITA","CHN",1870,1870
"USA","CHN",1870,1870
"FRN","JPN",1865,1865
"UKG","JPN",1865,1865
"NTH","JPN",1865,1865
"USA","UKG",1861,1861
"USR","UKG",1861,1861
"USR","JPN",1861,1861
"TUR","FRN",1881,1881
"ITA","TUR",1919,1921
"AUH","TUS",1849,1849
"UKG","FRN",1940,1940
"TUR","USR",1849,1849
"FRN","USR",1849,1849
"UKG","USR",1849,1849
"UKG","GMY",1899,1900
"UKG","GUA",1913,1913
"USR","UKG",1923,1923
"USR","UKG",1904,1904
"USR","USA",1960,1961
"CUB","USA",1960,1961
"USA","DOM",1905,1905
"USA","JPN",1932,1932
"UKG","JPN",1932,1932
"USA","NIC",1910,1910
"USR","USA",1945,1946
"USR","TUR",1945,1946
"PAK","USR",1960,1960
"JPN","USR",1960,1960
"NOR","USR",1960,1960
"TUR","USR",1960,1960
"USA","USR",1960,1960
"ITA","VEN",1902,1903
"GMY","VEN",1902,1903
"UKG","VEN",1902,1903
"ITA","USA",1902,1903
"GMY","USA",1902,1903
"UKG","USA",1902,1903
"SPN","USA",1873,1873
"SPN","UKG",1873,1873
"TUR","JPN",1914,1918
"AUH","JPN",1914,1918
"BUL","JPN",1914,1918
"GMY","JPN",1914,1918
"TUR","USA",1914,1918
"AUH","USA",1914,1918
"BUL","USA",1915,1918
"GMY","USA",1914,1918
"TUR","UKG",1914,1918
"AUH","UKG",1914,1918
"BUL","UKG",1914,1918
"GMY","UKG",1914,1918
"TUR","RUM",1914,1917
"AUH","RUM",1914,1917
"BUL","RUM",1915,1917
"GMY","RUM",1914,1917
"TUR","FRN",1914,1918
"AUH","FRN",1914,1918
"BUL","FRN",1914,1918
"GMY","FRN",1914,1918
"TUR","BEL",1914,1918
"AUH","BEL",1914,1918
"BUL","BEL",1914,1918
"GMY","BEL",1914,1918
"TUR","USR",1914,1917
"AUH","USR",1914,1917
"BUL","USR",1914,1917
"GMY","USR",1914,1917
"TUR","GRC",1914,1918
"AUH","GRC",1914,1918
"BUL","GRC",1915,1918
"GMY","GRC",1914,1918
"TUR","ITA",1914,1918
"AUH","ITA",1914,1918
"BUL","ITA",1915,1918
"GMY","ITA",1914,1918
"TUR","YUG",1914,1918
"AUH","YUG",1914,1918
"BUL","YUG",1914,1918
"GMY","YUG",1914,1918
"TUR","POR",1914,1918
"AUH","POR",1914,1918
"BUL","POR",1915,1918
"GMY","POR",1914,1918
"ITA","USR",1939,1939
"BEL","USR",1939,1939
"BUL","USR",1939,1939
"RUM","USR",1939,1939
"NTH","USR",1939,1939
"YUG","USR",1939,1939
"CHN","USR",1939,1939
"BRA","USR",1939,1939
"USR","USR",1939,1939
"USA","USR",1939,1939
"ETH","USR",1939,1939
"CAN","USR",1939,1939
"SAF","USR",1939,1939
"FRN","USR",1939,1939
"AUL","USR",1939,1939
"FRN","USR",1939,1939
"UKG","USR",1939,1939
"POL","USR",1939,1939
"NEW","USR",1939,1939
"GRC","USR",1939,1939
"MON","USR",1939,1939
"NOR","USR",1939,1939
"FIN","USR",1939,1939
"ITA","SPN",1941,1944
"BEL","SPN",1939,1940
"BUL","SPN",1941,1944
"RUM","SPN",1941,1944
"NTH","SPN",1940,1940
"YUG","SPN",1941,1941
"CHN","SPN",1941,1944
"BRA","SPN",1941,1944
"USR","SPN",1941,1944
"USA","SPN",1941,1944
"ETH","SPN",1941,1941
"CAN","SPN",1939,1944
"SAF","SPN",1939,1944
"FRN","SPN",1941,1944
"AUL","SPN",1939,1944
"FRN","SPN",1939,1940
"UKG","SPN",1939,1944
"POL","SPN",1939,1939
"NEW","SPN",1939,1944
"GRC","SPN",1940,1941
"MON","SPN",1941,1944
"NOR","SPN",1940,1940
"FIN","SPN",1941,1944
"ITA","ITA",1940,1943
"BEL","ITA",1939,1940
"BUL","ITA",1940,1943
"RUM","ITA",1940,1943
"NTH","ITA",1940,1940
"YUG","ITA",1940,1941
"CHN","ITA",1940,1943
"BRA","ITA",1940,1943
"USR","ITA",1940,1943
"USA","ITA",1940,1943
"ETH","ITA",1940,1941
"CAN","ITA",1939,1943
"SAF","ITA",1939,1943
"FRN","ITA",1940,1943
"AUL","ITA",1939,1943
"FRN","ITA",1939,1940
"UKG","ITA",1939,1943
"POL","ITA",1939,1939
"NEW","ITA",1939,1943
"GRC","ITA",1940,1941
"MON","ITA",1940,1943
"NOR","ITA",1940,1940
"FIN","ITA",1940,1943
"ITA","BUL",1941,1944
"BEL","BUL",1939,1940
"BUL","BUL",1941,1944
"RUM","BUL",1941,1944
"NTH","BUL",1940,1940
"YUG","BUL",1941,1941
"CHN","BUL",1941,1944
"BRA","BUL",1941,1944
"USR","BUL",1941,1944
"USA","BUL",1941,1944
"ETH","BUL",1941,1941
"CAN","BUL",1939,1944
"SAF","BUL",1939,1944
"FRN","BUL",1941,1944
"AUL","BUL",1939,1944
"FRN","BUL",1939,1940
"UKG","BUL",1939,1944
"POL","BUL",1939,1939
"NEW","BUL",1939,1944
"GRC","BUL",1940,1941
"MON","BUL",1941,1944
"NOR","BUL",1940,1940
"FIN","BUL",1941,1944
"ITA","GMY",1939,1945
"BEL","GMY",1939,1940
"BUL","GMY",1939,1945
"RUM","GMY",1939,1945
"NTH","GMY",1939,1940
"YUG","GMY",1939,1941
"CHN","GMY",1939,1945
"BRA","GMY",1939,1945
"USR","GMY",1939,1945
"USA","GMY",1939,1945
"ETH","GMY",1939,1941
"CAN","GMY",1939,1945
"SAF","GMY",1939,1945
"FRN","GMY",1939,1945
"AUL","GMY",1939,1945
"FRN","GMY",1939,1940
"UKG","GMY",1939,1945
"POL","GMY",1939,1939
"NEW","GMY",1939,1945
"GRC","GMY",1939,1941
"MON","GMY",1939,1945
"NOR","GMY",1939,1940
"FIN","GMY",1939,1945
"ITA","RUM",1941,1944
"BEL","RUM",1939,1940
"BUL","RUM",1941,1944
"RUM","RUM",1941,1944
"NTH","RUM",1940,1940
"YUG","RUM",1941,1941
"CHN","RUM",1941,1944
"BRA","RUM",1941,1944
"USR","RUM",1941,1944
"USA","RUM",1941,1944
"ETH","RUM",1941,1941
"CAN","RUM",1939,1944
"SAF","RUM",1939,1944
"FRN","RUM",1941,1944
"AUL","RUM",1939,1944
"FRN","RUM",1939,1940
"UKG","RUM",1939,1944
"POL","RUM",1939,1939
"NEW","RUM",1939,1944
"GRC","RUM",1940,1941
"MON","RUM",1941,1944
"NOR","RUM",1940,1940
"FIN","RUM",1941,1944
"ITA","JPN",1941,1945
"BEL","JPN",1939,1940
"BUL","JPN",1941,1945
"RUM","JPN",1941,1945
"NTH","JPN",1940,1940
"YUG","JPN",1941,1941
"CHN","JPN",1941,1945
"BRA","JPN",1941,1945
"USR","JPN",1941,1945
"USA","JPN",1941,1945
"ETH","JPN",1941,1941
"CAN","JPN",1939,1945
"SAF","JPN",1939,1945
"FRN","JPN",1941,1945
"AUL","JPN",1939,1945
"FRN","JPN",1939,1940
"UKG","JPN",1939,1945
"POL","JPN",1939,1939
"NEW","JPN",1939,1945
"GRC","JPN",1940,1941
"MON","JPN",1941,1945
"NOR","JPN",1940,1940
"FIN","JPN",1941,1945
"ITA","FRN",1940,1941
"BEL","FRN",1939,1940
"BUL","FRN",1940,1941
"RUM","FRN",1940,1941
"NTH","FRN",1940,1940
"YUG","FRN",1940,1941
"CHN","FRN",1940,1941
"BRA","FRN",1940,1941
"USR","FRN",1940,1941
"USA","FRN",1940,1941
"ETH","FRN",1940,1941
"CAN","FRN",1939,1941
"SAF","FRN",1939,1941
"FRN","FRN",1940,1941
"AUL","FRN",1939,1941
"FRN","FRN",1939,1940
"UKG","FRN",1939,1941
"POL","FRN",1939,1939
"NEW","FRN",1939,1941
"GRC","FRN",1940,1941
"MON","FRN",1940,1941
"NOR","FRN",1940,1940
"FIN","FRN",1940,1941
"ITA","HUN",1941,1945
"BEL","HUN",1939,1940
"BUL","HUN",1941,1945
"RUM","HUN",1941,1945
"NTH","HUN",1940,1940
"YUG","HUN",1941,1941
"CHN","HUN",1941,1945
"BRA","HUN",1941,1945
"USR","HUN",1941,1945
"USA","HUN",1941,1945
"ETH","HUN",1941,1941
"CAN","HUN",1939,1945
"SAF","HUN",1939,1945
"FRN","HUN",1941,1945
"AUL","HUN",1939,1945
"FRN","HUN",1939,1940
"UKG","HUN",1939,1945
"POL","HUN",1939,1939
"NEW","HUN",1939,1945
"GRC","HUN",1940,1941
"MON","HUN",1941,1945
"NOR","HUN",1940,1940
"FIN","HUN",1941,1945
"ITA","FIN",1941,1944
"BEL","FIN",1939,1940
"BUL","FIN",1941,1944
"RUM","FIN",1941,1944
"NTH","FIN",1940,1940
"YUG","FIN",1941,1941
"CHN","FIN",1941,1944
"BRA","FIN",1941,1944
"USR","FIN",1941,1944
"USA","FIN",1941,1944
"ETH","FIN",1941,1941
"CAN","FIN",1939,1944
"SAF","FIN",1939,1944
"FRN","FIN",1941,1944
"AUL","FIN",1939,1944
"FRN","FIN",1939,1940
"UKG","FIN",1939,1944
"POL","FIN",1939,1939
"NEW","FIN",1939,1944
"GRC","FIN",1940,1941
"MON","FIN",1941,1944
"NOR","FIN",1940,1940
"FIN","FIN",1941,1944
"UKG","YAR",1956,1958
"JPN","CHN",1914,1915
"BAD","ITA",1866,1866
"HSE","ITA",1866,1866
"HSG","ITA",1866,1866
"WRT","ITA",1866,1866
"BAV","ITA",1866,1866
"HAN","ITA",1866,1866
"SAX","ITA",1866,1866
"AUH","ITA",1865,1866
"BAD","MEC",1866,1866
"HSE","MEC",1866,1866
"HSG","MEC",1866,1866
"WRT","MEC",1866,1866
"BAV","MEC",1866,1866
"HAN","MEC",1866,1866
"SAX","MEC",1866,1866
"AUH","MEC",1865,1866
"BAD","GMY",1865,1866
"HSE","GMY",1865,1866
"HSG","GMY",1865,1866
"WRT","GMY",1865,1866
"BAV","GMY",1865,1866
"HAN","GMY",1865,1866
"SAX","GMY",1865,1866
"AUH","GMY",1865,1866
"USR","BUL",1944,1944
"FRN","USA",1835,1835
"AUH","USR",1854,1854
"FRN","ITA",1860,1861
"UKG","USR",1877,1878
"UKG","CHN",1898,1898
"FRN","VEN",1905,1905
"ITA","TUR",1908,1908
"TUR","ITA",1910,1910
"UKG","IRN",1910,1910
"AUH","ITA",1911,1911
"GMY","FRN",1911,1911
"GMY","UKG",1911,1911
"ITA","FRN",1912,1912
"USR","BUL",1912,1913
"USR","TUR",1912,1913
"ITA","TUR",1914,1915
"ITA","AUH",1914,1915
"ITA","GMY",1914,1915
"USA","MEX",1916,1917
"USA","DOM",1916,1916
"UKG","GRC",1916,1917
"FRN","GRC",1916,1917
"GMY","GRC",1915,1917
"BUL","GRC",1915,1917
"TUR","GRC",1915,1917
"ITA","TUR",1920,1920
"UKG","TUR",1920,1920
"FRN","TUR",1920,1920
"ITA","TUR",1922,1922
"UKG","TUR",1922,1923
"FRN","TUR",1922,1922
"ITA","USR",1937,1937
"JPN","UKG",1938,1940
"JPN","FRN",1938,1940
"USA","JPN",1940,1941
"CHN","USR",1966,1968
"USR","ISR",1967,1967
"USR","USA",1967,1967
"POL","CZE",1968,1968
"USR","CZE",1968,1968
"HUN","CZE",1968,1968
"GDR","CZE",1968,1968
"BUL","CZE",1968,1968
"PRK","USA",1968,1968
"CHN","USR",1969,1969
"PER","USA",1969,1969
"CHN","MYA",1969,1969
"ISR","SYR",1973,1973
"USA","SYR",1973,1973
"ISR","EGY",1973,1973
"USA","EGY",1973,1973
"ISR","USR",1973,1973
"USA","USR",1973,1973
"ICE","UKG",1972,1973
"RVN","CHN",1974,1974
"CAM","USA",1975,1975
"CHN","IND",1975,1975
"GUA","UKG",1975,1975
"SOM","FRN",1976,1976
"PRK","USA",1976,1976
"PRK","ROK",1976,1976
"ARG","UKG",1976,1976
"CHN","USR",1974,1974
"USR","JPN",1976,1976
"FRN","SPN",1821,1822
"FRN","TUR",1828,1828
"NTH","FRN",1832,1833
"GMY","FRN",1832,1833
"NTH","BEL",1832,1833
"GMY","BEL",1832,1833
"NTH","UKG",1832,1833
"GMY","UKG",1832,1833
"GMY","FRN",1830,1830
"FRN","ARG",1842,1842
"UKG","ARG",1842,1842
"UKG","USA",1846,1846
"PAP","AUH",1848,1848
"FRN","AUH",1848,1848
"SIC","AUH",1848,1848
"BAV","UKG",1848,1848
"HAN","UKG",1848,1848
"SAX","UKG",1848,1848
"GMY","UKG",1848,1848
"BAV","USR",1848,1848
"HAN","USR",1848,1848
"SAX","USR",1848,1848
"GMY","USR",1848,1848
"BAV","SWD",1848,1848
"HAN","SWD",1848,1848
"SAX","SWD",1848,1848
"GMY","SWD",1848,1848
"BAV","DEN",1848,1849
"HAN","DEN",1848,1848
"SAX","DEN",1848,1849
"GMY","DEN",1848,1849
"FRN","TUR",1852,1852
"USR","CHN",1898,1898
"FRN","CHN",1898,1898
"UKG","USA",1856,1856
"GMY","SAX",1864,1864
"FRN","TUR",1898,1898
"ITA","TUR",1898,1898
"USR","TUR",1898,1898
"UKG","TUR",1898,1898
"ITA","ALB",1914,1915
"GMY","POR",1916,1916
"RUM","GMY",1916,1916
"BUL","YUG",1914,1915
"BUL","USR",1914,1915
"BUL","UKG",1914,1915
"USA","GMY",1915,1915
"GMY","USA",1916,1917
"GMY","BRA",1917,1918
"ETH","ITA",1931,1931
"JPN","USR",1937,1937
"USR","POL",1938,1938
"USA","GMY",1941,1941
"ITA","GRC",1940,1940
"UKG","GMY",1941,1941
"UKG","IRQ",1941,1941
"GMY","POR",1941,1941
"UKG","FRN",1831,1831
"GMY","HAN",1864,1864
"GMY","SAX",1864,1864
"USR","LAT",1939,1939
"USR","LIT",1940,1940
"USR","EST",1940,1940
"CHN","FRN",1881,1881
"FRN","CHN",1882,1882
"FRN","ITA",1866,1866
"GMY","FRN",1866,1866
"JPN","USR",1920,1922
"ITA","CHN",1899,1899
"BUL","USR",1941,1941
"BUL","UKG",1941,1941
"BUL","USA",1941,1941
"THI","AUH",1917,1918
"THI","GMY",1917,1918
"NIC","GMY",1918,1918
"NIC","AUH",1918,1918
"USR","IRN",1941,1942
"UKG","IRN",1941,1942
"ECU","USA",1972,1972
"UKG","IRN",1946,1946
"UKG","USR",1946,1946
"UKG","YAR",1949,1949
"CHN","MYA",1956,1956
"USR","HUN",1956,1956
"EGY","JOR",1957,1957
"USR","JOR",1957,1957
"SYR","JOR",1957,1957
"EGY","IRQ",1957,1957
"USR","IRQ",1957,1957
"SYR","IRQ",1957,1957
"EGY","USA",1957,1957
"USR","USA",1957,1957
"SYR","USA",1957,1957
"EGY","TUR",1957,1957
"USR","TUR",1957,1957
"SYR","TUR",1957,1957
"USR","FRN",1958,1959
"USR","UKG",1958,1959
"USR","USA",1958,1959
"YAR","UKG",1962,1965
"NEW","CHN",1964,1971
"AUL","CHN",1964,1971
"ROK","CHN",1964,1971
"USA","CHN",1964,1971
"RVN","CHN",1964,1971
"THI","CHN",1964,1971
"PHI","CHN",1964,1971
"CAM","CHN",1964,1971
"NEW","USR",1964,1965
"AUL","USR",1964,1965
"ROK","USR",1964,1965
"USA","USR",1964,1965
"RVN","USR",1964,1965
"THI","USR",1964,1965
"PHI","USR",1964,1965
"CAM","USR",1964,1965
"NEW","DRV",1964,1971
"AUL","DRV",1964,1972
"ROK","DRV",1964,1973
"USA","DRV",1964,1973
"RVN","DRV",1964,1975
"THI","DRV",1964,1973
"PHI","DRV",1964,1973
"CAM","DRV",1964,1975
"USR","TUR",1921,1921
"THI","FRN",1940,1941
"TUR","GMY",1944,1944
"JPN","CHN",1935,1935
"UKG","EGY",1942,1942
"ICE","UKG",1975,1976
"ITA","UKG",1939,1939
"ITA","FRN",1939,1939
"IRQ","JPN",1943,1945
"IRQ","GMY",1943,1945
"IRQ","ITA",1943,1945
"SAU","GMY",1943,1943
"SAU","JPN",1943,1943
"IND","CHN",1964,1966
"FRN","BRA",1963,1963
"UKG","GRC",1922,1922
"FRN","GRC",1922,1922
"CUB","GMY",1917,1918
"USA","CHN",1949,1950
"TAW","CHN",1949,1950
"CHN","USA",1949,1950
"HAI","UKG",1963,1963
"HAI","USA",1963,1963
"HAI","CAN",1963,1963
"HAI","DOM",1963,1963
"ISR","JOR",1950,1956
"ISR","UKG",1950,1956
"SAU","ISR",1957,1957
"ISR","LEB",1965,1965
"JOR","ISR",1962,1962
"JOR","ISR",1963,1965
"INS","NTH",1960,1962
"INS","NTH",1951,1951
"INS","NTH",1957,1959
"BOL","PAR",1927,1927
"PAR","BOL",1928,1929
"PAR","BOL",1931,1935
"BOL","PAR",1936,1936
"BOL","PAR",1938,1938
"KUW","ISR",1966,1967
"SAU","ISR",1966,1967
"IRQ","ISR",1966,1967
"EGY","ISR",1966,1967
"SYR","ISR",1966,1967
"JOR","ISR",1966,1967
"USR","UKG",1970,1970
"IRQ","UKG",1970,1970
"SYR","UKG",1970,1970
"USR","USA",1970,1970
"IRQ","USA",1970,1970
"SYR","USA",1970,1970
"USR","JOR",1970,1970
"IRQ","JOR",1970,1970
"SYR","JOR",1970,1970
"USR","ISR",1970,1970
"IRQ","ISR",1970,1970
"SYR","ISR",1970,1970
"EGY","JOR",1948,1948
"ISR","LIB",1973,1973
"JOR","ISR",1971,1973
"SAU","ISR",1971,1973
"IRQ","ISR",1971,1973
"EGY","ISR",1971,1973
"SYR","ISR",1971,1973
"ISR","LEB",1968,1968
"THI","ITA",1943,1943
"ISR","LEB",1974,1975
"ISR","EGY",1974,1974
"YUG","ITA",1953,1953
"NTH","VEN",1908,1908
"AUL","POR",1941,1941
"ISR","JOR",1967,1970
"ISR","ALG",1970,1970
"ALG","ISR",1968,1968
"INS","UKG",1963,1965
"INS","AUL",1963,1965
"INS","MAL",1963,1965
"MAL","PHI",1968,1968
"POR","IND",1954,1955
"IND","POR",1961,1961
"IND","PAK",1947,1947
"IND","PAK",1951,1951
"SYR","JOR",1971,1971
"MOR","ALG",1962,1962
"MOR","ALG",1963,1963
"SPN","MOR",1909,1910
"SPN","MOR",1911,1911
"EGY","SUD",1958,1958
"ARG","CHL",1900,1902
"ARG","URU",1907,1907
"PAR","ARG",1912,1912
"ARG","CHL",1952,1952
"ARG","CHL",1955,1955
"CHL","ARG",1958,1958
"CHL","ARG",1959,1959
"ARG","CHL",1960,1960
"ARG","CHL",1963,1963
"YPR","OMA",1972,1972
"YPR","OMA",1973,1973
"YPR","OMA",1975,1976
"YAR","YPR",1971,1972
"SAU","EGY",1962,1963
"JOR","EGY",1962,1962
"USA","EGY",1962,1962
"SAU","YAR",1962,1963
"JOR","YAR",1962,1962
"USA","YAR",1962,1962
"YAR","SAU",1966,1967
"EGY","SAU",1966,1967
"YPR","SAU",1969,1969
"DOM","HAI",1949,1950
"VEN","DOM",1959,1959
"CUB","DOM",1959,1959
"CUB","VEN",1967,1967
"MOR","SPN",1957,1958
"MOR","SPN",1972,1972
"MOR","SPN",1973,1974
"HAI","DOM",1901,1901
"IRQ","TUR",1962,1962
"GUA","USA",1958,1958
"GUA","MEX",1958,1959
"SAU","YAR",1931,1931
"YAR","SAU",1931,1932
"SAU","YAR",1933,1934
"SAU","ITA",1933,1934
"SAU","UKG",1933,1934
"SAU","FRN",1933,1934
"TUR","IRN",1914,1917
"IRN","USR",1918,1918
"USR","UKG",1920,1921
"USR","IRN",1920,1921
"IRN","IRQ",1971,1972
"IRQ","IRN",1969,1969
"IRN","IRQ",1959,1960
"PER","COL",1932,1933
"PER","COL",1934,1934
"CHN","USR",1917,1917
"PER","ECU",1901,1905
"PER","ECU",1910,1910
"PER","ECU",1912,1913
"ECU","PER",1932,1932
"PER","ECU",1934,1936
"PER","ECU",1938,1938
"PER","ECU",1939,1942
"PER","ECU",1951,1951
"PER","ECU",1954,1954
"PER","ECU",1955,1955
"ECU","USA",1971,1971
"PER","COL",1907,1907
"COL","PER",1911,1911
"PER","BRA",1902,1904
"VEN","GUY",1966,1967
"HON","NIC",1922,1922
"HON","GUA",1927,1928
"USA","HON",1929,1929
"NIC","HON",1929,1929
"GUA","SAL",1935,1935
"ARG","URU",1969,1969
"NIC","HON",1957,1957
"COL","VEN",1900,1901
"GUA","HON",1917,1917
"BRA","BOL",1902,1903
"BOL","PAR",1906,1906
"BOL","PER",1910,1911
"PER","CHL",1911,1911
"BOL","PAR",1918,1918
"CHL","PER",1920,1920
"CHL","BOL",1920,1920
"BRA","GUY",1975,1976
"HON","SAL",1976,1976
"CHL","PER",1976,1976
"NIC","USA",1954,1954
"NIC","COS",1954,1955
"NIC","HON",1918,1918
"NIC","COL",1913,1914
"CHN","MON",1943,1943
"PAK","IRQ",1973,1973
"SAL","NIC",1907,1907
"HON","NIC",1907,1907
"GUA","NIC",1907,1907
"HON","NIC",1909,1909
"MEX","NIC",1909,1909
"USA","NIC",1909,1909
"SAL","NIC",1909,1909
"GUA","NIC",1906,1906
"GUA","HON",1906,1906
"GUA","SAL",1906,1906
"SAL","HON",1969,1969
"HAI","DOM",1912,1912
"PAR","ARG",1959,1959
"PAR","ARG",1962,1962
"RVN","CAM",1964,1965
"USA","CAM",1964,1964
"RVN","CAM",1956,1956
"RVN","CAM",1958,1958
"CHN","RVN",1965,1966
"CAM","RVN",1965,1966
"CHN","THI",1965,1966
"CAM","THI",1965,1966
"CHN","USA",1965,1966
"CAM","USA",1965,1966
"ROK","CAM",1967,1967
"RVN","CAM",1967,1967
"USA","CAM",1967,1967
"USR","POL",1919,1920
"THI","CAM",1953,1954
"THI","CAM",1958,1959
"CAM","THI",1961,1961
"THI","CAM",1962,1962
"CAM","THI",1964,1966
"THI","CAM",1967,1967
"CAM","THI",1975,1976
"THI","CAM",1976,1987
"THI","DRV",1976,1987
"HUN","AUS",1921,1921
"USR","EST",1921,1921
"USR","LAT",1921,1921
"YUG","ALB",1921,1921
"IND","PAK",1947,1949
"YUG","BUL",1923,1923
"GRC","BUL",1925,1925
"LIT","POL",1938,1938
"CZE","POL",1938,1938
"YUG","HUN",1938,1938
"HUN","CZE",1938,1938
"RUM","HUN",1939,1939
"TUR","GRC",1909,1909
"BUL","TUR",1912,1913
"GRC","TUR",1912,1913
"YUG","TUR",1912,1913
"BUL","TUR",1913,1913
"BUL","YUG",1913,1913
"BUL","GRC",1913,1913
"BUL","RUM",1913,1913
"RUM","USR",1918,1918
"YUG","ALB",1918,1918
"ITA","ALB",1918,1918
"FRN","ALB",1918,1918
"RUM","YUG",1918,1918
"FRN","HUN",1919,1919
"YUG","HUN",1919,1919
"ITA","HUN",1919,1919
"UKG","HUN",1919,1919
"RUM","HUN",1919,1919
"CZE","HUN",1919,1919
"CZE","POL",1919,1919
"GMY","LAT",1919,1919
"GMY","POL",1919,1919
"GMY","EST",1919,1919
"GMY","UKG",1919,1919
"GRC","TUR",1919,1922
"POL","LAT",1919,1920
"POL","LIT",1919,1921
"POL","GMY",1921,1921
"TUR","BUL",1908,1909
"TUR","GRC",1963,1964
"TUR","GRC",1967,1967
"TUR","CYP",1967,1967
"GRC","ALB",1948,1948
"GRC","ALB",1949,1949
"USR","USA",1949,1951
"BUL","USA",1950,1951
"HUN","USA",1949,1951
"RUM","USA",1950,1951
"USR","YUG",1949,1951
"BUL","YUG",1949,1951
"HUN","YUG",1949,1951
"RUM","YUG",1949,1951
"TUR","GRC",1976,1976
"GRC","TUR",1975,1975
"TUR","GRC",1974,1974
"TUR","GRC",1974,1974
"TUR","CYP",1974,1974
"BUL","GRC",1952,1952
"PAK","IND",1955,1955
"PAK","IND",1956,1956
"PAK","IND",1958,1959
"AFG","PAK",1960,1960
"AFG","PAK",1961,1961
"PAK","AFG",1955,1955
"AFG","PAK",1950,1950
"AFG","PAK",1949,1949
"IND","PAK",1950,1950
"PAK","IND",1962,1962
"PAK","IND",1964,1966
"PAK","IND",1963,1963
"ZAI","UGA",1965,1965
"BEL","ZAI",1960,1960
"CHA","SUD",1966,1966
"CEN","CHA",1969,1969
"MAG","ZIM",1966,1966
"SOM","ZIM",1966,1966
"ZAI","ZIM",1966,1966
"ZAI","CON",1969,1970
"CON","POR",1969,1969
"ZAI","CON",1965,1965
"ALG","MAA",1975,1975
"ALG","MOR",1975,1975
"ALG","SPN",1975,1975
"ZIM","BOT",1976,1978
"ZIM","BOT",1975,1975
"BOT","ZIM",1969,1969
"LIB","CHA",1976,1977
"CAO","GAB",1976,1976
"EQG","GAB",1972,1972
"POR","MAW",1973,1973
"IND","PAK",1967,1967
"ROK","JPN",1953,1954
"ROK","JPN",1954,1954
"ROK","JPN",1955,1955
"ROK","JPN",1958,1964
"DRV","LAO",1958,1960
"GUI","GHA",1966,1966
"GUI","CDI",1966,1966
"GUI","CDI",1967,1967
"DRV","USA",1962,1973
"USR","USA",1962,1962
"CHN","USA",1962,1964
"DRV","THI",1962,1973
"USR","THI",1962,1962
"CHN","THI",1962,1964
"DRV","LAO",1962,1973
"USR","LAO",1962,1962
"CHN","LAO",1962,1964
"DRV","NEW",1962,1962
"USR","NEW",1962,1962
"CHN","NEW",1962,1962
"DRV","UKG",1962,1962
"USR","UKG",1962,1962
"CHN","UKG",1962,1962
"DRV","AUL",1962,1962
"USR","AUL",1962,1962
"CHN","AUL",1962,1962
"DRV","CAM",1969,1970
"RWA","BUI",1964,1964
"BUI","RWA",1973,1973
"BUI","TAZ",1973,1973
"DRV","LAO",1960,1961
"CHN","LAO",1960,1961
"USR","LAO",1960,1961
"DRV","THI",1960,1961
"CHN","THI",1961,1961
"USR","THI",1960,1961
"DRV","USA",1960,1961
"CHN","USA",1961,1961
"USR","USA",1960,1961
"POR","TAZ",1972,1972
"KEN","UGA",1965,1965
"UGA","KEN",1973,1973
"UGA","KEN",1976,1976
"PAK","MYA",1959,1959
"TAW","MYA",1950,1953
"THI","LAO",1975,1975
"ISR","UGA",1976,1976
"SOM","ETH",1967,1967
"SOM","KEN",1967,1967
"USA","PRK",1964,1969
"ROK","PRK",1964,1971
"USR","PRK",1964,1969
"UGA","TAZ",1971,1971
"LIB","TAZ",1972,1972
"UGA","TAZ",1972,1973
"UGA","SUD",1974,1974
"UGA","ZAM",1974,1975
"UGA","TAZ",1974,1975
"SEN","GAM",1974,1974
"POR","SEN",1969,1971
"POR","GUI",1969,1970
"POR","GUI",1973,1973
"POR","SEN",1961,1961
"POR","SEN",1972,1972
"POR","ZAM",1972,1973
"POR","ZAM",1971,1971
"POR","ZAM",1966,1969
"SAF","ZAM",1974,1974
"ZIM","ZAM",1974,1974
"SAF","ZAM",1973,1973
"ZIM","ZAM",1973,1973
"ZIM","ZAM",1969,1969
"SAF","ZAM",1968,1968
"ZAM","ZIM",1966,1966
"SUD","UGA",1968,1968
"SUD","UGA",1971,1971
"SPN","EQG",1969,1969
"BEN","NIR",1963,1964
"GHA","GUI",1966,1966
"MAA","MLI",1962,1962
"MLI","BFO",1974,1975
"GHA","TOG",1962,1962
"GHA","TOG",1965,1965
"ETH","SUD",1967,1967
"ETH","SOM",1960,1961
"SOM","ETH",1963,1964
"SOM","KEN",1963,1964
"SOM","ETH",1974,1974
"SOM","ETH",1975,1976
"MZM","ZIM",1975,1977
"ZAM","ZIM",1975,1977
"DRV","CAM",1975,1979
"ZAM","ANG",1975,1976
"SAF","ANG",1975,1988
"ZAI","ANG",1975,1978
"ZAM","CUB",1975,1976
"SAF","CUB",1975,1988
"ZAI","CUB",1975,1978
"PAK","IND",1971,1971
"TAW","POL",1954,1954
"TAW","USR",1954,1954
"IND","NEP",1969,1969
"INS","POR",1975,1976
"TAW","PHI",1956,1956
"CHN","PHI",1956,1956
"TAW","RVN",1956,1956
"CHN","RVN",1956,1956
"IND","NEP",1968,1968
"IND","NEP",1965,1965
"IND","NEP",1962,1962
"IND","CHN",1962,1962
"BNG","IND",1976,1976
"USA","PRK",1975,1975
"ROK","PRK",1975,1975
"SWD","GMY",1918,1918
"ISR","USR",1967,1970
"ISR","EGY",1967,1970
"ICE","GFR",1974,1974
"SPN","BOL",1865,1866
"SPN","ECU",1865,1866
"SPN","CHL",1865,1866
"SPN","PER",1865,1866
"JPN","CHN",1884,1885
"CHN","JPN",1885,1885
"UKG","JPN",1885,1885
"USA","JPN",1885,1885
"JPN","CHN",1874,1874
"JPN","KOR",1894,1894
"JPN","CHN",1894,1895
"VEN","NTH",1849,1849
"VEN","NTH",1854,1855
"NTH","VEN",1856,1856
"VEN","NTH",1869,1869
"PER","SPN",1846,1847
"CHL","SPN",1846,1847
"CHL","BOL",1857,1858
"BOL","CHL",1861,1861
"CHL","BOL",1863,1863
"PER","CHL",1872,1872
"COL","PER",1852,1852
"VEN","PER",1852,1852
"COL","CHL",1852,1852
"VEN","CHL",1852,1852
"CHL","ARG",1843,1844
"CHL","ARG",1873,1873
"CHL","ARG",1878,1878
"ARG","CHL",1879,1879
"USA","CHL",1891,1892
"CHL","ARG",1897,1898
"CHL","PER",1884,1884
"CHL","BOL",1884,1884
"UKG","CHL",1883,1883
"ITA","CHL",1883,1883
"USA","CHL",1883,1883
"FRN","CHL",1883,1883
"CHL","PER",1878,1883
"CHL","BOL",1878,1880
"COL","ECU",1863,1863
"COL","ECU",1862,1862
"ECU","COL",1857,1857
"USA","COL",1856,1856
"CHL","PER",1852,1852
"COL","PER",1852,1852
"COL","USA",1834,1834
"BRA","ARG",1874,1874
"BRA","ARG",1872,1872
"BRA","ARG",1851,1852
"USA","HAI",1891,1891
"HAI","USA",1888,1888
"USA","HAI",1882,1882
"USA","HAI",1869,1869
"GUA","SAL",1876,1876
"GUA","SAL",1890,1890
"GUA","USA",1885,1885
"GUA","MEX",1885,1885
"GUA","SAL",1885,1885
"SPN","POR",1840,1841
"MEX","USA",1893,1893
"MEX","USA",1886,1886
"USA","MEX",1880,1880
"USA","MEX",1876,1878
"USA","MEX",1875,1875
"USA","MEX",1873,1873
"USA","MEX",1859,1860
"USA","MEX",1860,1860
"USA","MEX",1855,1855
"USA","MEX",1850,1851
"USA","MEX",1843,1848
"MEX","USA",1838,1838
"MEX","USA",1836,1837
"USA","MEX",1836,1836
"USA","MEX",1839,1839
"USA","SPN",1898,1898
"SPN","CHL",1864,1864
"SPN","PER",1864,1865
"SPN","USA",1855,1855
"SPN","USA",1854,1854
"SPN","USA",1850,1850
"USA","SPN",1818,1818
"GRC","TUR",1896,1897
"TUR","GRC",1882,1882
"GRC","TUR",1878,1878
"GRC","TUR",1877,1877
"GRC","TUR",1868,1869
"GRC","TUR",1866,1866
"GRC","TUR",1829,1829
"SPN","MOR",1859,1860
"SPN","MOR",1893,1894
"ARG","PAR",1846,1846
"BRA","PAR",1850,1850
"BRA","PAR",1855,1855
"BRA","PAR",1862,1862
"PAR","BRA",1863,1870
"PAR","ARG",1863,1870
"PER","ECU",1858,1860
"PER","SPN",1859,1859
"SPN","CHL",1862,1863
"SPN","PER",1862,1863
"PER","ECU",1893,1894
"PER","COL",1899,1899
"PER","COL",1912,1912
"USA","HAI",1889,1889
"BOL","ARG",1866,1866
"PAR","BOL",1887,1888
"SYR","LEB",1949,1949
"THI","CAM",1970,1970
"CHL","ARG",1965,1965
"CHL","ARG",1967,1968
"CAM","THI",1968,1968
"IRQ","SAU",1972,1973
"IRQ","KUW",1972,1973
"IRQ","KUW",1975,1975
"NIC","BUL",1941,1941
"NIC","HUN",1941,1941
"NIC","RUM",1941,1941
"UKG","BRA",1826,1826
"COL","UKG",1836,1837
"UKG","BRA",1845,1846
"UKG","BRA",1849,1852
"UKG","VEN",1858,1858
"FRN","VEN",1858,1858
"UKG","PAR",1859,1859
"VEN","UKG",1859,1859
"USA","UKG",1860,1860
"USA","FRN",1860,1860
"USA","SPN",1860,1860
"GMY","HAI",1872,1872
"CHL","ARG",1876,1876
"AUH","ITA",1877,1877
"UKG","VEN",1881,1881
"UKG","USA",1881,1881
"UKG","VEN",1886,1887
"ITA","UKG",1890,1891
"UKG","CHL",1891,1891
"FRN","CHL",1891,1891
"FRN","DOM",1895,1895
"FRN","USA",1895,1895
"UKG","BRA",1895,1895
"FRN","BRA",1895,1895
"FRN","BRA",1896,1896
"GMY","HAI",1896,1896
"UKG","POR",1897,1897
"USA","CHN",1905,1906
"USA","MEX",1911,1912
"UKG","NTH",1914,1914
"GMY","NOR",1915,1918
"UKG","SWD",1917,1917
"USA","SWD",1917,1917
"GMY","NTH",1914,1918
"USA","CUB",1921,1921
"USA","SAL",1921,1921
"USR","CHN",1922,1923
"ITA","ETH",1923,1923
"FRN","ITA",1925,1926
"FRN","ITA",1926,1927
"ITA","UKG",1927,1927
"ITA","SPN",1927,1927
"ITA","FRN",1927,1927
"CHN","USR",1927,1927
"USA","CUB",1933,1934
"HAI","UKG",1883,1884
"ITA","GMY",1939,1940
"EST","POL",1939,1939
"SWZ","GMY",1939,1939
"GMY","ARG",1942,1942
"THI","UKG",1942,1945
"THI","AUL",1942,1945
"GMY","HUN",1944,1944
"CHL","UKG",1947,1947
"ARG","UKG",1947,1947
"USR","SWD",1952,1952
"ECU","USA",1952,1952
"BUL","YUG",1952,1952
"RUM","YUG",1952,1952
"HUN","YUG",1952,1952
"USR","YUG",1952,1952
"FRN","TUN",1957,1958
"CHN","IND",1958,1958
"CHN","MYA",1959,1959
"ROK","USR",1959,1959
"CHN","ROK",1960,1960
"FRN","TUN",1960,1960
"CHN","NTH",1966,1966
"USA","SPN",1866,1866
"CHN","IND",1967,1967
"UKG","SPN",1969,1969
"USR","RUM",1971,1971
"HUN","RUM",1971,1971
"CZE","RUM",1971,1971
"YUG","ALB",1976,1976
"FIN","USR",1919,1920
"GMY","ARG",1917,1917
"GMY","ARG",1914,1915
"FRN","ARG",1916,1916
"UKG","SWD",1915,1915
"CAN","SAL",1932,1932
"USA","GUA",1911,1911
"ITA","TUR",1825,1825
"ITA","TUR",1924,1924
"GRC","TUR",1888,1888
"UKG","BRA",1839,1842
"POR","FRN",1857,1858
"FRN","MOR",1960,1960
"UKG","JPN",1940,1940
"UKG","TUR",1876,1876
"FRN","BRA",1826,1826
"COL","FRN",1833,1833
"USA","PER",1852,1852
"UKG","COL",1856,1857
"BRA","UKG",1862,1863
"ARG","UKG",1880,1880
"ITA","COL",1885,1886
"GMY","NOR",1911,1911
"ITA","UKG",1911,1911
"POR","GMY",1914,1915
"GMY","SWD",1914,1918
"USA","MEX",1915,1915
"JPN","CHN",1918,1919
"ITA","ALB",1920,1920
"AFG","USR",1922,1922
"ITA","YUG",1923,1923
"USR","AFG",1925,1926
"SWZ","GMY",1940,1940
"JPN","THI",1941,1941
"SWZ","GMY",1943,1943
"GMY","HUN",1944,1945
"FRN","THI",1946,1946
"IRQ","ISR",1948,1948
"LEB","ISR",1948,1948
"EGY","ISR",1948,1948
"JOR","ISR",1948,1948
"SYR","ISR",1948,1948
"FRN","TUN",1959,1959
"CHN","NEP",1960,1960
"USR","JPN",1961,1961
"USA","FRN",1865,1866
"USA","DOM",1961,1961
"ECU","USA",1963,1963
"ZIM","ZAM",1965,1966
"ZIM","UKG",1965,1966
"ECU","USA",1967,1967
"RVN","CAM",1968,1968
"USA","CAM",1968,1969
"RVN","CHN",1968,1968
"USA","CHN",1968,1968
"GHA","USR",1968,1969
"URU","NOR",1973,1973
"URU","ARG",1973,1973
"KEN","UGA",1975,1975
"JPN","CHN",1919,1919
"JPN","UKG",1937,1937
"JPN","USA",1937,1937
"DEN","UKG",1961,1961
"INS","NTH",1953,1953
"TAW","MYA",1953,1953
"USA","CHN",1960,1960
"USA","BRA",1903,1903
"TAW","USA",1949,1950
"TAW","UKG",1949,1949
"TAW","UKG",1950,1950
"UKG","CHN",1950,1950
"FRN","CHN",1950,1950
"ARG","PAR",1850,1851
"BRA","UKG",1838,1838
"USA","SPN",1864,1864
"THI","LAO",1970,1970
"MYA","THI",1953,1953
"FRN","THI",1948,1948
"FRN","CHN",1949,1949
"THI","FRN",1952,1952
"THI","MYA",1954,1954
"THI","MYA",1955,1955
"IND","MYA",1957,1957
"LAO","THI",1960,1960
"LAO","DRV",1960,1961
"THI","LAO",1964,1964
"CHN","USA",1955,1955
"USA","CHN",1954,1954
"CHN","UKG",1954,1954
"USA","CHN",1953,1953
"TAW","USR",1953,1953
"TAW","UKG",1955,1955
"CHN","UKG",1958,1958
"HON","NIC",1920,1920
"COS","NIC",1957,1957
"USA","BRA",1866,1866
"ARG","BRA",1875,1875
"ITA","SAL",1876,1876
"SPN","GUA",1890,1890
"PAR","ARG",1911,1911
"USA","CHN",1957,1957
"TAW","CHN",1957,1957
"BRA","COL",1932,1933
"BRA","PER",1932,1933
"ECU","PER",1932,1932
"ECU","COL",1932,1932
"CHN","USA",1951,1952
"CHN","TAW",1951,1952
"AFG","USR",1979,1982
"AFG","PAK",1979,1982
"AFG","USR",1983,1985
"AFG","PAK",1983,1987
"FRN","ARG",1842,1843
"UKG","ARG",1842,1843
"USR","GMY",1936,1936
"BUL","YUG",1971,1971
"SOM","ETH",1965,1965
"SOM","ETH",1966,1966
"SOM","ETH",1973,1973
"SOM","CUB",1977,1978
"SOM","ETH",1977,1978
"ETH","SOM",1978,1979
"ETH","SOM",1980,1981
"ETH","SOM",1982,1984
"ETH","SOM",1984,1985
"ETH","SOM",1985,1985
"ARG","CHL",1905,1905
"CHL","ARG",1909,1909
"ARG","CHL",1958,1958
"ARG","CHL",1964,1964
"CHL","ARG",1977,1978
"ARG","CHL",1978,1979
"CHL","ARG",1980,1981
"CHL","ARG",1981,1982
"ARG","CHL",1983,1983
"ARG","CHL",1984,1984
"CHN","IND",1950,1950
"IND","CHN",1954,1954
"IND","CHN",1955,1955
"CHN","IND",1956,1956
"CHN","IND",1967,1967
"CHN","IND",1969,1969
"IND","CHN",1971,1971
"IND","CHN",1973,1973
"IND","CHN",1979,1979
"IND","CHN",1985,1987
"IRN","IRQ",1934,1935
"IRQ","IRN",1965,1966
"IRQ","IRN",1966,1966
"IRN","IRQ",1969,1969
"IRQ","IRN",1970,1970
"IRN","IRQ",1971,1971
"IRN","IRQ",1973,1973
"IRQ","IRN",1974,1975
"IRQ","IRN",1979,1979
"IRQ","IRN",1979,1988
"USA","MEX",1842,1842
"USA","MEX",1870,1870
"PER","ECU",1984,1984
"PER","ECU",1981,1981
"ECU","PER",1977,1978
"ECU","PER",1953,1953
"PER","ECU",1950,1950
"PER","ECU",1943,1943
"PER","ECU",1942,1942
"ECU","PER",1937,1937
"PER","ECU",1911,1911
"PER","ECU",1891,1891
"PAR","BOL",1886,1886
"BOL","PAR",1921,1921
"PAR","BOL",1923,1923
"PAR","BOL",1924,1924
"PAR","BOL",1927,1927
"BOL","PAR",1930,1930
"UGA","UKG",1974,1975
"LIB","SUD",1972,1972
"GUA","UKG",1977,1977
"UGA","TAZ",1977,1977
"LIB","TAZ",1978,1979
"UGA","TAZ",1978,1979
"ETH","SUD",1977,1977
"CHL","PER",1977,1977
"TAZ","KEN",1977,1977
"SAF","ZAI",1977,1977
"CAM","LAO",1977,1977
"CON","CEN",1977,1977
"UGA","CEN",1977,1977
"CUB","CEN",1977,1977
"ANG","CEN",1977,1977
"CON","FRN",1977,1977
"UGA","FRN",1977,1977
"CUB","FRN",1977,1977
"ANG","FRN",1977,1977
"CON","MOR",1977,1977
"UGA","MOR",1977,1977
"CUB","MOR",1977,1977
"ANG","MOR",1977,1977
"CON","EGY",1977,1977
"UGA","EGY",1977,1977
"CUB","EGY",1977,1977
"ANG","EGY",1977,1977
"CON","ZAI",1977,1977
"UGA","ZAI",1977,1977
"CUB","ZAI",1977,1977
"ANG","ZAI",1977,1977
"SAU","YAR",1980,1980
"SAU","EGY",1964,1964
"YAR","UKG",1966,1967
"YAR","UKG",1963,1963
"EGY","CYP",1983,1983
"GMY","FRN",1871,1871
"FRN","GMY",1871,1871
"GMY","FRN",1885,1885
"CYP","TUR",1965,1965
"TUR","CYP",1965,1965
"GRC","TUR",1974,1974
"TUR","GRC",1978,1978
"TUR","GRC",1981,1982
"USA","GRC",1982,1984
"TUR","GRC",1982,1984
"TUR","GRC",1984,1985
"TUR","CYP",1986,1986
"TUR","GRC",1986,1987
"AFG","PAK",1951,1951
"AFG","PAK",1956,1956
"MEX","USA",1918,1918
"USA","MEX",1919,1920
"PRK","ROK",1949,1949
"PRK","USA",1958,1961
"PRK","ROK",1958,1961
"PRK","USA",1962,1964
"PRK","ROK",1962,1964
"PRK","ROK",1974,1974
"PRK","USA",1977,1978
"PRK","ROK",1977,1978
"PRK","USA",1979,1980
"PRK","ROK",1979,1980
"PRK","ROK",1981,1982
"USA","PRK",1983,1983
"ROK","PRK",1983,1983
"PRK","USA",1984,1985
"PRK","ROK",1984,1985
"PRK","ROK",1986,1986
"JPN","CHN",1873,1873
"JPN","CHN",1875,1875
"JPN","CHN",1879,1879
"JPN","CHN",1882,1882
"JPN","CHN",1907,1907
"JPN","CHN",1909,1909
"JPN","CHN",1916,1917
"JPN","CHN",1920,1920
"JPN","CHN",1925,1925
"FRN","CHN",1926,1926
"GMY","CHN",1926,1926
"UKG","CHN",1926,1926
"USA","CHN",1926,1926
"USR","CHN",1926,1926
"ITA","CHN",1926,1926
"JPN","CHN",1926,1926
"JPN","CHN",1927,1927
"JPN","CHN",1933,1933
"JPN","CHN",1935,1935
"CHN","JPN",1936,1936
"USR","USA",1958,1958
"USR","USA",1958,1958
"USR","USA",1963,1963
"USR","GFR",1963,1963
"USR","USA",1961,1962
"GDR","USA",1961,1962
"USR","GFR",1961,1962
"GDR","GFR",1961,1962
"USA","USR",1964,1964
"USA","USR",1970,1970
"USA","USR",1977,1977
"USR","USA",1978,1979
"USR","USA",1979,1979
"CUB","USA",1979,1979
"USR","USA",1979,1979
"USA","USR",1980,1980
"UKG","USR",1980,1980
"NTH","USR",1980,1980
"NOR","USR",1980,1980
"ITA","USR",1980,1980
"GFR","USR",1980,1980
"CAN","USR",1980,1980
"USA","USR",1981,1981
"USR","JPN",1982,1983
"USR","USA",1982,1983
"USR","USA",1984,1984
"USR","USA",1983,1984
"CZE","USA",1983,1984
"USR","GFR",1983,1984
"CZE","GFR",1984,1984
"UKG","GDR",1985,1985
"USA","GDR",1985,1985
"UKG","USR",1985,1985
"USA","USR",1985,1985
"USA","USR",1986,1986
"GMY","HAI",1911,1911
"USA","HAI",1911,1911
"PAR","BRA",1856,1858
"VEN","UKG",1981,1982
"VEN","GUY",1981,1982
"VEN","GUY",1969,1969
"VEN","GUY",1970,1970
"CHL","PER",1860,1860
"PRK","TAW",1954,1955
"PRK","USA",1954,1956
"PRK","ROK",1954,1956
"ETH","SOM",1987,1987
"FRN","UKG",1893,1893
"GMY","CZE",1939,1939
"ITA","FRN",1937,1937
"ITA","UKG",1937,1937
"ITA","PAN",1937,1937
"ITA","DEN",1937,1937
"UKG","MEX",1916,1916
"UKG","MEX",1913,1914
"GMY","MEX",1913,1913
"SPN","MEX",1913,1913
"ROK","CHN",1986,1987
"PAR","BRA",1929,1930
"VEN","GUY",1976,1976
"SUR","GUY",1976,1976
"UKG","GUA",1972,1972
"BOL","PER",1875,1875
"BOL","PER",1906,1906
"PER","USA",1858,1858
"VEN","COL",1982,1982
"HON","NIC",1979,1979
"GUY","SUR",1977,1978
"ISR","TUR",1976,1976
"YUG","ALB",1949,1949
"UKG","EGY",1958,1958
"UKG","IRQ",1958,1958
"TUR","IRQ",1958,1958
"ISR","USA",1976,1976
"VEN","UKG",1901,1902
"NIC","COS",1948,1949
"NIC","COS",1948,1948
"ITA","COL",1898,1898
"COL","VEN",1902,1902
"COL","USA",1896,1896
"NIC","HON",1962,1962
"NIC","COS",1978,1978
"NIC","HON",1981,1985
"NIC","USA",1981,1985
"GUA","MEX",1982,1983
"NIC","COS",1983,1984
"GUA","MEX",1984,1984
"HON","SAL",1985,1985
"NIC","HON",1986,1988
"NIC","USA",1986,1988
"DOM","HAI",1986,1986
"YPR","YAR",1978,1979
"YAR","SAU",1965,1965
"EGY","SAU",1965,1965
"UKG","USR",1918,1920
"UKG","USR",1920,1920
"GRC","FRN",1854,1854
"GRC","UKG",1854,1854
"GRC","TUR",1854,1854
"GMY","FRN",1887,1887
"GMY","FRN",1887,1887
"GRC","ALB",1946,1947
"YUG","ALB",1952,1952
"YAR","SAU",1969,1970
"SPN","MOR",1975,1975
"LIB","TUN",1985,1985
"FRN","SPN",1984,1984
"IRE","SPN",1985,1985
"IRN","BEL",1985,1985
"IRQ","TUR",1985,1985
"NIC","COS",1985,1985
"IRN","GFR",1985,1985
"IRQ","MLT",1985,1985
"IRQ","ITA",1985,1985
"ROK","CHN",1985,1985
"IRN","UKG",1985,1985
"IRQ","PAN",1985,1985
"IRN","SAU",1985,1985
"IRN","KUW",1985,1985
"IRN","ROK",1985,1985
"IRN","DEN",1985,1986
"CZE","USA",1985,1985
"CZE","GFR",1985,1985
"IRN","FRN",1985,1985
"ISR","TUN",1985,1985
"IRQ","BAH",1986,1986
"IRN","TUR",1986,1986
"IRQ","GRC",1986,1986
"SAF","ZIM",1986,1986
"SAF","ZAM",1986,1986
"QAT","BAH",1986,1986
"NIC","COS",1986,1986
"IRN","SAU",1986,1986
"IRN","TUR",1986,1986
"IRN","USA",1986,1986
"ARG","TAW",1986,1986
"SAF","BOT",1986,1986
"MLI","BFO",1985,1986
"IRQ","CYP",1985,1986
"IRN","NTH",1985,1986
"IRN","BAH",1986,1986
"IRN","UAE",1986,1986
"IRN","SAU",1986,1986
"IRN","QAT",1986,1986
"IRN","KUW",1986,1986
"IRN","USR",1986,1986
"ZIM","MAW",1986,1986
"ZAM","MAW",1986,1986
"MZM","MAW",1986,1986
"USR","IRN",1983,1983
"ISR","LIB",1986,1986
"IRN","LBR",1986,1986
"IRN","KUW",1986,1986
"IRQ","CYP",1986,1986
"IRN","UKG",1986,1986
"CZE","GFR",1986,1986
"SPN","UKG",1986,1986
"SAF","SWA",1986,1986
"FRN","NEW",1985,1985
"TUR","BUL",1986,1986
"IRN","USR",1978,1978
"USR","POL",1918,1920
"USR","LIT",1918,1920
"USR","GMY",1919,1920
"USR","LAT",1919,1920
"USR","POL",1919,1920
"USR","UKG",1919,1920
"USR","EST",1918,1919
"USR","UKG",1918,1919
"ZAI","GHA",1960,1960
"USR","BEL",1960,1960
"RWA","BUI",1972,1972
"SEN","GAM",1971,1971
"ZAI","ZAM",1971,1971
"UGA","RWA",1971,1971
"UGA","SUD",1971,1971
"THI","CAM",1963,1963
"PAK","IND",1949,1949
"IND","PAK",1952,1952
"PAK","IND",1956,1956
"IND","PAK",1962,1962
"PAK","IND",1963,1963
"PAK","IND",1965,1965
"PAK","IND",1966,1966
"PAK","IND",1969,1969
"PAK","IND",1969,1970
"PAK","IND",1969,1969
"PAK","IND",1972,1972
"PAK","IND",1981,1981
"IND","PAK",1982,1982
"PAK","IND",1983,1984
"PAK","IND",1984,1984
"PAK","IND",1985,1985
"IND","PAK",1986,1986
"GMY","DEN",1915,1918
"HON","GMY",1918,1918
"GUA","GMY",1918,1918
"FRN","GRC",1916,1916
"CHN","GMY",1917,1918
"CHN","AUH",1917,1918
"CHN","USR",1919,1919
"JPN","CHN",1919,1919
"JPN","USR",1919,1919
"USR","CHN",1945,1946
"USR","CHN",1964,1965
"USR","CHN",1965,1966
"CHN","USR",1967,1967
"CHN","USR",1968,1968
"CHN","MON",1973,1973
"CHN","MON",1974,1974
"CHN","USR",1974,1974
"CHN","USR",1977,1977
"USR","CHN",1978,1978
"USR","CHN",1979,1980
"USR","CHN",1980,1980
"CHN","USR",1986,1986
"USR","JPN",1871,1872
"JPN","USR",1920,1921
"JPN","USR",1936,1936
"MON","JPN",1945,1945
"USR","JPN",1978,1979
"USR","JPN",1984,1984
"CAM","RVN",1963,1963
"RVN","CAM",1962,1962
"CAM","RVN",1960,1960
"RVN","CAM",1959,1959
"GMY","USA",1916,1916
"IRN","PAN",1987,1988
"NIC","COS",1987,1987
"DOM","HAI",1987,1987
"CAN","FRN",1987,1987
"USR","SWD",1987,1988
"IRQ","USA",1987,1987
"USA","IRN",1987,1988
"USA","PAN",1987,1988
"USA","CUB",1987,1987
"EGY","LIB",1978,1978
"BEN","POR",1961,1961
"INS","PNG",1988,1988
"MAL","PHI",1988,1988
"MYA","THI",1988,1988
"PNG","JPN",1988,1988
"CHN","DRV",1988,1988
"TAW","CHN",1988,1988
"IRN","JPN",1988,1988
"IRN","UAE",1988,1988
"SAF","SWA",1988,1988
"SAF","BOT",1988,1988
"SAF","ZIM",1988,1988
"ETH","SUD",1988,1988
"IRQ","LBR",1988,1988
"IRN","RUM",1988,1988
"TUR","CYP",1988,1988
"IRN","MAL",1988,1988
"IRN","GFR",1988,1988
"IRQ","SPN",1988,1988
"IRN","SPN",1988,1988
"IRQ","UKG",1988,1988
"COL","VEN",1988,1988
"IRQ","PAN",1988,1988
"PAN","COS",1988,1988
"HON","NIC",1988,1988
"IRN","BAH",1988,1988
"CAN","FRN",1988,1988
"IRQ","USA",1988,1988
"USA","LIB",1988,1989
"THI","LAO",1987,1988
"MYA","THI",1987,1987
"IND","SRI",1987,1987
"IND","BNG",1987,1987
"CHN","DRV",1987,1987
"TAW","CHN",1987,1987
"YPR","OMA",1987,1987
"IRQ","AUL",1987,1987
"IRQ","SIN",1987,1987
"SYR","IRQ",1987,1987
"IRQ","TUR",1987,1987
"IRN","SIN",1987,1988
"IRN","MAD",1987,1987
"IRN","PAK",1987,1987
"IRN","IND",1987,1988
"IRN","JPN",1987,1987
"IRN","ROK",1987,1987
"IRN","QAT",1987,1987
"IRN","KUW",1987,1988
"IRN","SAU",1987,1988
"IRN","TUR",1987,1988
"MZM","SAF",1987,1987
"SAF","MZM",1987,1987
"ETH","SUD",1987,1987
"ETH","SUD",1986,1986
"UGA","KEN",1987,1987
"ZAI","UGA",1987,1987
"ZAI","CON",1987,1987
"CAO","NIG",1987,1987
"IRN","LBR",1987,1987
"MOR","MAA",1987,1987
"SAF","BOT",1987,1987
"SAF","ZAM",1987,1987
"IRQ","PAN",1987,1987
"COL","VEN",1987,1987
"NTH","IRN",1987,1987
"BEL","IRN",1987,1987
"IRQ","MLT",1987,1987
"POL","GFR",1987,1987
"IRN","GRC",1987,1988
"IRN","CYP",1987,1987
"IRQ","GRC",1987,1987
"IRN","YUG",1987,1987
"IRN","ITA",1987,1987
"IRN","SPN",1987,1987
"IRN","FRN",1987,1988
"IRQ","CYP",1987,1988
"IRN","SWD",1987,1987
"USR","IRN",1987,1987
"USR","NOR",1987,1987
"IRN","RUM",1987,1987
"IRN","NOR",1987,1988
"IRQ","NOR",1987,1987
"IRN","DEN",1987,1988
"IRN","USA",1987,1988
"TUR","GRC",1878,1878
"GRC","TUR",1885,1886
"USR","GRC",1896,1896
"GMY","GRC",1896,1896
"FRN","GRC",1896,1896
"AUH","GRC",1896,1896
"UKG","GRC",1896,1896
"ITA","GRC",1896,1896
"ROK","JPN",1959,1959
"NOR","ARG",1948,1948
"UKG","ARG",1948,1948
"NOR","CHL",1948,1948
"UKG","CHL",1948,1948
"MYA","THI",1959,1959
"USR","JPN",1955,1957
"USA","CZE",1957,1957
"PAK","IND",1957,1957
"USR","JPN",1958,1958
"CHN","JPN",1958,1958
"USA","GDR",1958,1958
"BEL","GDR",1958,1958
"ALB","USA",1958,1958
"ALB","UKG",1958,1958
"CHN","TAW",1959,1959
"BRA","USR",1959,1959
"USR","JPN",1959,1959
"RVN","CHN",1959,1959
"PHI","USR",1959,1959
"ICE","UKG",1958,1959
"IND","PAK",1959,1959
"USA","SWZ",1959,1959
"USR","IRN",1959,1959
"USR","JPN",1960,1960
"ICE","UKG",1960,1960
"USA","AUS",1960,1960
"AUS","ITA",1960,1960
"AUS","HUN",1960,1960
"SPN","MOR",1961,1961
"USR","JPN",1961,1962
"RVN","CHN",1961,1961
"PAK","IND",1960,1961
"MOR","SPN",1961,1961
"USR","JPN",1962,1962
"POR","GUI",1962,1962
"CHN","TAW",1966,1966
"CHN","TAW",1963,1966
"INS","JPN",1963,1963
"USR","IRN",1963,1963
"CZE","GFR",1963,1963
"USR","USA",1963,1963
"USR","USA",1964,1964
"INS","MAL",1964,1964
"EGY","USA",1964,1964
"USR","SWD",1964,1964
"USR","GFR",1964,1964
"USA","USR",1965,1965
"INS","MAL",1965,1965
"INS","JPN",1965,1965
"USR","UKG",1965,1965
"PRK","USA",1965,1965
"INS","UKG",1966,1966
"ROK","JPN",1966,1966
"CHN","ROK",1966,1966
"USR","USA",1966,1966
"VEN","USR",1968,1968
"BRA","USR",1968,1968
"USA","EGY",1968,1968
"USR","JPN",1968,1968
"CHN","UKG",1968,1968
"ARG","USR",1968,1968
"USR","USA",1968,1968
"CHN","USA",1965,1967
"USR","USA",1967,1967
"USR","ROK",1967,1967
"USR","JPN",1967,1967
"USA","USR",1967,1967
"GDR","GFR",1967,1967
"UKG","USR",1967,1967
"USA","USR",1967,1967
"TAW","CHN",1967,1967
"USA","CHN",1969,1969
"USR","JPN",1969,1969
"THI","CAM",1969,1969
"VEN","CUB",1968,1968
"GUA","SAL",1970,1970
"GDR","GFR",1971,1971
"USA","CUB",1971,1971
"USA","CHN",1971,1971
"USA","CHN",1972,1972
"USA","USR",1972,1972
"LIB","USA",1973,1973
"CUB","USA",1974,1974
"MYA","THI",1975,1975
"CHN","ROK",1976,1976
"USA","CUB",1976,1976
"IRN","YPR",1976,1976
"USA","PRK",1976,1976
"SAU","ISR",1976,1976
"CUB","USA",1977,1977
"PRK","JPN",1977,1977
"USR","JPN",1977,1977
"LIB","ITA",1978,1978
"PER","USA",1979,1979
"CAN","USA",1979,1979
"MOR","CUB",1980,1980
"NOR","DEN",1981,1981
"USA","PRK",1981,1982
"CUB","USA",1981,1981
"USR","SWD",1982,1982
"PRK","JPN",1982,1982
"DRV","CHN",1982,1982
"USR","JPN",1982,1982
"USA","NIC",1982,1982
"USA","LIB",1982,1982
"USA","CUB",1983,1983
"USR","USA",1982,1982
"CHN","UKG",1953,1953
"TAW","CHN",1956,1956
"TAW","CHN",1954,1955
"TAW","UKG",1953,1953
"CHN","UKG",1952,1952
"CHN","UKG",1951,1951
"TAW","UKG",1951,1951
"USR","JPN",1934,1934
"TUR","EGY",1959,1959
"EGY","IRQ",1959,1959
"IRQ","EGY",1959,1959
"EGY","JOR",1959,1959
"ETH","SUD",1979,1979
"LIB","EGY",1979,1979
"LIB","SUD",1979,1979
"ZIM","ANG",1979,1979
"LAO","THI",1978,1979
"ZIM","BOT",1978,1979
"SAF","ZAM",1978,1978
"CHN","USR",1978,1979
"CHN","DRV",1978,1979
"BOL","CHL",1978,1978
"KEN","EGY",1978,1978
"ZAI","ANG",1978,1978
"FRN","ANG",1978,1978
"MOR","ANG",1978,1978
"NIC","COS",1977,1977
"LIB","TUN",1977,1977
"ZIM","BOT",1978,1978
"TUN","LIB",1980,1980
"FRN","LIB",1980,1980
"USR","IRN",1980,1980
"AFG","IRN",1980,1980
"PER","CHL",1977,1977
"IRN","USA",1979,1981
"USA","LIB",1979,1979
"PHI","MAL",1979,1979
"ALG","MOR",1979,1979
"IRN","AFG",1979,1979
"CHN","LAO",1979,1979
"MYA","THI",1984,1984
"IRQ","KUW",1985,1985
"SAF","BOT",1985,1985
"SAF","BOT",1984,1984
"IRQ","ROK",1985,1985
"IRN","SPN",1984,1984
"IRN","IND",1984,1984
"IRQ","NOR",1984,1984
"IND","SRI",1984,1985
"IRQ","BHM",1984,1984
"IRN","GFR",1984,1984
"FRN","LIB",1984,1984
"IRN","UKG",1984,1984
"IRQ","CYP",1984,1985
"MOR","ALG",1984,1984
"IRQ","TUR",1984,1984
"IRQ","LBR",1984,1985
"IRQ","UKG",1984,1984
"IRN","SAU",1984,1984
"IRQ","PAN",1984,1984
"INS","PNG",1984,1984
"LIB","SUD",1984,1984
"LIB","USA",1984,1984
"LIB","EGY",1984,1984
"IRQ","UKG",1984,1984
"IRQ","IND",1984,1984
"SAU","YPR",1983,1984
"IND","BNG",1983,1984
"ETH","SUD",1983,1983
"IRQ","GRC",1983,1985
"SLU","CUB",1983,1983
"BAR","CUB",1983,1983
"DMA","CUB",1983,1983
"JAM","CUB",1983,1983
"SVG","CUB",1983,1983
"AAB","CUB",1983,1983
"USA","CUB",1983,1983
"SLU","GRN",1983,1983
"BAR","GRN",1983,1983
"DMA","GRN",1983,1983
"JAM","GRN",1983,1983
"SVG","GRN",1983,1983
"AAB","GRN",1983,1983
"USA","GRN",1983,1983
"IRN","AFG",1983,1983
"ZAM","ZAI",1983,1984
"SYR","USA",1983,1984
"USR","ROK",1983,1983
"ARG","UKG",1983,1983
"SUD","LIB",1983,1983
"USA","LIB",1983,1983
"CHA","NIG",1983,1983
"USR","NOR",1983,1983
"BRA","LIB",1983,1983
"MZM","SAF",1983,1983
"USA","IRN",1983,1983
"LIB","EGY",1983,1983
"LIB","USA",1983,1983
"LIB","SUD",1983,1983
"SAF","LES",1982,1983
"MYA","THI",1982,1983
"THI","MYA",1983,1983
"GHA","TOG",1982,1982
"UKG","ARG",1982,1982
"IRQ","ROK",1982,1982
"IRQ","GRC",1982,1982
"LAO","THI",1982,1982
"INS","PNG",1982,1982
"VEN","GUY",1982,1982
"SYR","IRQ",1982,1982
"LIB","USA",1982,1982
"USR","ITA",1982,1982
"ZAI","ZAM",1982,1982
"ISR","SAU",1981,1981
"USR","SWD",1981,1981
"IRN","KUW",1981,1981
"IND","BNG",1981,1981
"IRN","TUR",1981,1981
"LIB","SOM",1981,1981
"LIB","SUD",1981,1981
"LIB","OMA",1981,1981
"LIB","USA",1981,1981
"LIB","EGY",1981,1981
"EGY","LIB",1981,1981
"USA","LIB",1981,1981
"IRN","DEN",1981,1981
"ISR","IRQ",1981,1981
"DRV","CHN",1981,1981
"NIG","CAO",1981,1981
"ECU","USA",1980,1981
"SYR","JOR",1982,1982
"SYR","JOR",1980,1981
"SYR","ISR",1980,1981
"IRN","KUW",1980,1980
"IND","BNG",1980,1980
"MYA","THI",1980,1980
"ZAI","ZAM",1980,1981
"MOR","ALG",1980,1980
"LAO","THI",1980,1980
"YPR","OMA",1980,1980
"USR","OMA",1980,1980
"YUG","USR",1980,1980
"MAL","PHI",1980,1980
"EGY","LIB",1980,1980
"MOR","MAA",1980,1980
"COL","NIC",1980,1980
"ZAI","CON",1980,1980
"ARG","USR",1977,1977
"EGY","LIB",1977,1977
"SAF","TAZ",1977,1977
"SAF","ZAM",1977,1977
"SOM","KEN",1977,1977
"THI","MYA",1977,1977
"ZIM","TAZ",1977,1979
"ZIM","ZAM",1977,1979
"TUR","IRN",1907,1908
"USR","IRN",1909,1910
"FRN","TUR",1919,1921
"UKG","POR",1966,1966
"UKG","HAI",1887,1887
"FRN","POR",1831,1831
"FRN","MOR",1911,1911
"JOR","EGY",1959,1959
"JOR","SYR",1958,1958
"TUR","SYR",1958,1958
"TUR","SYR",1955,1956
"SYR","TUR",1955,1955
"FRN","TUR",1934,1934
"TUR","UKG",1934,1934
"TUR","BUL",1935,1935
"AFG","IRN",1934,1934
"USR","IRN",1933,1933
"IRQ","JOR",1949,1949
"SYR","JOR",1949,1949
"JOR","EGY",1960,1960
"USR","TUR",1962,1962
"TUR","SYR",1962,1962
"SYR","LEB",1963,1963
"SYR","LEB",1963,1963
"SYR","TUR",1965,1965
"IRQ","TUR",1965,1965
"SAU","ISR",1967,1967
"JOR","SYR",1966,1966
"IRQ","KUW",1967,1967
"SYR","LEB",1969,1969
"USR","ISR",1974,1974
"EGY","LIB",1975,1975
"IRQ","SYR",1976,1976
"SYR","UKG",1976,1976
"ISR","IRQ",1981,1982
"ITA","AUS",1922,1922
"YUG","AUS",1922,1922
"CZE","AUS",1922,1922
"HUN","AUS",1922,1922
"UKG","AUS",1922,1922
"ITA","RUM",1922,1922
"YUG","RUM",1922,1922
"CZE","RUM",1922,1922
"HUN","RUM",1922,1922
"UKG","RUM",1922,1922
"RUM","HUN",1922,1923
"YUG","HUN",1922,1923
"GRC","TUR",1925,1925
"BUL","RUM",1926,1926
"FRN","TUR",1925,1926
"UKG","TUR",1925,1926
"BUL","GRC",1931,1931
"GRC","BUL",1928,1928
"BUL","YUG",1929,1929
"TUR","FRN",1937,1937
"TUR","FRN",1938,1938
"USR","AFG",1939,1940
"UKG","YUG",1946,1946
"USA","YUG",1946,1946
"UKG","USR",1951,1951
"UKG","IRN",1951,1951
"USR","UKG",1950,1950
"GRC","BUL",1950,1950
"IRN","USR",1951,1951
"TUR","BUL",1952,1952
"ITA","ALB",1952,1952
"TAW","CZE",1953,1953
"YUG","ITA",1954,1954
"POR","ZAI",1969,1969
"USR","JPN",1953,1954
"CHN","JPN",1953,1954
"USA","SWZ",1954,1954
"USR","FIN",1954,1954
"TAW","PAK",1955,1955
"CHN","ROK",1955,1955
"USR","SWD",1955,1955
"ZAM","SAF",1973,1973
"ALB","ITA",1955,1955
"RVN","CHN",1974,1974
"RVN","TAW",1974,1974
"RVN","PHI",1974,1974
"UKG","SAU",1955,1956
"BUL","ISR",1955,1955
"TAW","GFR",1956,1956
"NOR","USR",1956,1956
"SAF","ZAM",1974,1974
"ISR","UKG",1949,1949
"ISR","JOR",1949,1949
"JOR","ISR",1957,1959
"ISR","JOR",1959,1961
"SPN","USA",1895,1895
"USA","SPN",1816,1816
"ECU","USA",1955,1955
"PER","USA",1955,1955
"PER","USA",1962,1962
"USR","CHN",1862,1864
"USR","CHN",1871,1872
"USR","CHN",1891,1892
"USR","CHN",1900,1900
"USR","CHN",1912,1913
"USR","CHN",1912,1912
"USR","CHN",1921,1921
"USR","CHN",1914,1914
"USR","CHN",1921,1922
"JPN","USR",1926,1926
"USR","CHN",1943,1943
"USR","CHN",1944,1945
"MON","CHN",1947,1948
"USR","CHN",1947,1948
"UGA","ZAM",1973,1973
"PHI","CAM",1968,1968
"USA","UKG",1903,1903
"USR","TUR",1817,1817
"USR","TUR",1876,1876
"AUH","TUR",1876,1876
"GMY","TUR",1876,1876
"UKG","USR",1876,1876
"USR","TUR",1902,1902
"AUH","ITA",1853,1853
"ITA","FRN",1911,1911
"SPN","GMY",1919,1919
"RUM","GMY",1914,1914
"RUM","TUR",1914,1914
"GRC","BUL",1914,1914
"GRC","TUR",1914,1914
"TUR","USR",1918,1918
"GMY","USR",1918,1918
"ALB","TUR",1916,1918
"ALB","GMY",1916,1918
"ALB","BUL",1916,1918
"ALB","AUH",1916,1918
"GMY","SPN",1915,1918
"USR","NTH",1914,1914
"BUL","TUR",1915,1915
"DRV","RVN",1960,1960
"USA","DRV",1961,1962
"USA","USR",1961,1962
"USA","CHN",1961,1962
"ITA","YUG",1926,1926
"HUN","CZE",1939,1939
"ISR","EGY",1950,1951
"EGY","ISR",1951,1951
"ISR","EGY",1951,1952
"ISR","EGY",1953,1956
"EGY","ISR",1952,1954
"ISR","EGY",1957,1961
"EGY","ISR",1963,1963
"EGY","ISR",1964,1965
"EGY","ISR",1966,1966
"EGY","ISR",1973,1975
"EGY","ISR",1975,1976
"ISR","EGY",1977,1977
"ISR","EGY",1979,1979
"EGY","ISR",1983,1983
"EGY","ISR",1983,1985
"EGY","ISR",1949,1950
"EGY","ISR",1970,1971
"SYR","ISR",1950,1950
"SYR","ISR",1951,1951
"SYR","ISR",1954,1954
"SYR","ISR",1954,1955
"EGY","ISR",1955,1960
"SYR","ISR",1955,1958
"EGY","ISR",1961,1961
"SYR","ISR",1950,1950
"JOR","ISR",1966,1966
"EGY","ISR",1966,1966
"SYR","ISR",1966,1966
"SYR","ISR",1951,1952
"ISR","SYR",1952,1952
"SYR","ISR",1954,1954
"ISR","SYR",1955,1955
"SYR","ISR",1953,1958
"ISR","SYR",1955,1955
"SYR","ISR",1958,1963
"EGY","ISR",1958,1961
"ISR","EGY",1958,1958
"ISR","EGY",1959,1959
"EGY","ISR",1960,1960
"SYR","ISR",1950,1952
"SYR","ISR",1953,1953
"EGY","ISR",1959,1960
"SYR","ISR",1961,1966
"SYR","ISR",1973,1974
"SYR","ISR",1974,1975
"ISR","SYR",1975,1977
"ISR","SYR",1978,1978
"SYR","ISR",1979,1980
"SYR","ISR",1985,1986
"ISR","SYR",1982,1984
"ISR","LEB",1982,1985
"ISR","SYR",1949,1949
"SYR","ISR",1967,1967
"SYR","ISR",1968,1971
"LEB","ISR",1980,1981
"SYR","ISR",1980,1981
"BRA","ITA",1942,1943
"BRA","GMY",1942,1943
"BRA","JPN",1945,1945
"PER","GMY",1945,1945
"PER","JPN",1945,1945
"URU","GMY",1945,1945
"URU","JPN",1945,1945
"ARG","JPN",1945,1945
"ARG","GMY",1945,1945
"CHL","JPN",1945,1945
"EGY","GMY",1945,1945
"EGY","JPN",1945,1945
"IRN","JPN",1945,1945
"HAI","JPN",1941,1942
"HAI","GMY",1941,1942
"HAI","ITA",1941,1942
"HAI","BUL",1941,1942
"HAI","HUN",1941,1942
"HAI","RUM",1941,1942
"NIC","JPN",1941,1942
"NIC","GMY",1941,1942
"NIC","ITA",1941,1942
"NIC","HUN",1941,1942
"NIC","BUL",1941,1942
"NIC","RUM",1941,1942
"IRN","GMY",1943,1944
"BOL","GMY",1943,1944
"BOL","ITA",1943,1944
"BOL","JPN",1943,1944
"COL","GMY",1943,1944
"COS","GMY",1941,1942
"COS","ITA",1941,1942
"COS","JPN",1941,1942
"CUB","GMY",1941,1942
"CUB","ITA",1941,1942
"CUB","JPN",1941,1942
"DOM","JPN",1941,1942
"DOM","ITA",1941,1942
"DOM","GMY",1941,1942
"SAL","GMY",1941,1942
"SAL","ITA",1941,1942
"SAL","JPN",1941,1942
"GUA","JPN",1941,1942
"GUA","GMY",1941,1942
"GUA","ITA",1941,1942
"HON","GMY",1941,1942
"HON","ITA",1941,1942
"HON","JPN",1941,1942
"JPN","MEX",1942,1942
"GMY","MEX",1942,1942
"ITA","MEX",1942,1942
"PAN","JPN",1941,1942
"PAN","GMY",1941,1942
"PAN","ITA",1941,1942
"LBR","GMY",1944,1944
"LBR","JPN",1944,1944
"ETH","JPN",1942,1943
"ETH","ITA",1942,1943
"ETH","GMY",1942,1943
"LAO","THI",1983,1986
"USA","IRN",1984,1984
"PER","USA",1992,1992
"BEL","YUG",1992,1996
"CAN","YUG",1992,1992
"DEN","YUG",1992,1992
"FRN","YUG",1992,1996
"GMY","YUG",1992,1996
"GRC","YUG",1992,1996
"ITA","YUG",1992,1996
"NTH","YUG",1992,1996
"POR","YUG",1992,1992
"RUM","YUG",1992,1993
"SPN","YUG",1992,1996
"TUR","YUG",1992,1996
"UKG","YUG",1992,1996
"USA","YUG",1992,1996
"USA","IRQ",1992,1993
"UKG","IRQ",1992,1993
"FRN","IRQ",1992,1993
"KUW","IRQ",1992,1993
"RUS","IRQ",1992,1993
"SAU","IRQ",1992,1993
"ALB","YUG",1992,1992
"CRO","YUG",1992,1992
"CRO","BOS",1992,1994
"YUG","BOS",1992,1993
"USR","MLD",1992,1992
"USR","UKR",1992,1992
"USR","EST",1992,1992
"USR","GRG",1992,1993
"USR","SWD",1992,1992
"ARM","AZE",1992,1995
"RUS","AZE",1992,1993
"ARM","IRN",1992,1993
"RUS","IRN",1993,1993
"ARM","TUR",1992,1993
"RUS","TUR",1993,1993
"SEN","GNB",1992,1992
"IRN","IRQ",1992,1992
"IRN","UAE",1992,1992
"IRQ","KUW",1992,1994
"IRQ","FRN",1992,1993
"IRQ","UKG",1992,1993
"IRQ","USA",1992,1993
"SAU","QAT",1992,1992
"PRK","ROK",1992,1992
"IND","PNG",1992,1992
"MAL","SIN",1992,1992
"MYA","THI",1992,1992
"YUG","AUS",1919,1919
"ZAI","ZAM",1977,1977
"DRV","THI",1977,1977
"EGY","CYP",1978,1978
"USR","NOR",1978,1978
"MOR","SPN",1979,1979
"INS","DRV",1980,1980
"PHI","JPN",1982,1982
"USA","YPR",1982,1982
"OMA","YPR",1982,1982
"DRV","CHN",1983,1983
"USR","SWD",1983,1983
"MAL","CHN",1983,1984
"MAL","DRV",1983,1984
"IRN","QAT",1984,1984
"IRN","BAH",1984,1984
"IRN","UAE",1984,1984
"IRN","OMA",1984,1984
"IRN","SAU",1984,1984
"IRN","KUW",1984,1984
"MYA","THI",1985,1985
"LIB","USA",1985,1985
"LIB","EGY",1985,1985
"MAL","PHI",1985,1985
"CHN","DRV",1985,1986
"IRN","SAU",1985,1986
"IRN","USA",1985,1986
"IRN","UKG",1985,1986
"IRN","KUW",1985,1986
"IND","BNG",1986,1986
"CHN","DRV",1986,1987
"MLI","BFO",1986,1986
"ARG","UKG",1982,1982
"LIB","FRN",1977,1980
"LIB","CHA",1977,1980
"TUN","LIB",1980,1980
"CHA","LIB",1980,1981
"FRN","LIB",1980,1981
"LIB","ZAI",1983,1984
"LIB","FRN",1983,1984
"LIB","CHA",1983,1984
"LIB","USA",1983,1983
"LIB","CHA",1986,1987
"LIB","FRN",1986,1987
"LIB","USA",1986,1986
"USR","USA",1986,1986
"DRV","CHN",1987,1987
"DRV","CHN",1984,1984
"USR","CHN",1870,1871
"USR","CHN",1903,1904
"USR","CHN",1910,1911
"USR","CHN",1933,1934
"USR","CHN",1937,1938
"USR","ISR",1971,1971
"UKG","NTH",1939,1939
"GMY","NTH",1939,1940
"GMY","LUX",1939,1940
"UKG","NOR",1940,1940
"GMY","NOR",1939,1940
"GMY","DEN",1940,1940
"UKG","DEN",1940,1940
"GMY","USA",1939,1939
"UKG","USA",1939,1940
"GMY","POR",1940,1940
"VEN","GMY",1945,1945
"VEN","JPN",1945,1945
"PAR","GMY",1945,1945
"PAR","JPN",1945,1945
"UKG","ITA",1943,1943
"USA","ITA",1943,1943
"GMY","ITA",1943,1943
"SPN","FRN",1940,1940
"GMY","FIN",1939,1940
"ITA","SWD",1940,1940
"ITA","SWD",1942,1942
"USR","SWD",1943,1943
"LAT","GMY",1939,1940
"UKG","ITA",1939,1940
"FRN","EGY",1882,1882
"UKG","EGY",1882,1882
"UKG","SWZ",1940,1940
"GMY","SWD",1940,1940
"UKG","SWD",1940,1940
"GMY","SWD",1939,1940
"GMY","SWD",1941,1941
"GMY","SWD",1942,1944
"UKG","RUM",1940,1940
"GMY","EST",1939,1939
"SPN","FRN",1940,1940
"UKG","YUG",1940,1940
"HUN","YUG",1940,1941
"GMY","YUG",1940,1941
"BUL","YUG",1940,1941
"ITA","YUG",1940,1940
"ITA","FRN",1940,1940
"USR","RUM",1940,1941
"GMY","USR",1940,1941
"HUN","RUM",1940,1940
"UKG","ITA",1940,1940
"GMY","RUM",1940,1941
"RUM","GMY",1944,1944
"RUM","HUN",1944,1944
"GMY","BUL",1944,1944
"URU","UKG",1939,1939
"ARG","UKG",1939,1939
"URU","GMY",1939,1939
"ARG","GMY",1939,1939
"GMY","ARG",1940,1940
"SPN","UKG",1940,1940
"ITA","SPN",1940,1940
"GMY","TUR",1940,1941
"BUL","TUR",1940,1941
"ITA","TUR",1940,1940
"ITA","IRN",1940,1940
"ITA","EGY",1940,1940
"ITA","PAN",1940,1940
"GMY","PAN",1940,1940
"BUL","GRC",1940,1940
"GMY","BUL",1940,1940
"UKG","USR",1940,1940
"GMY","HUN",1940,1940
"GMY","HUN",1940,1940
"GMY","IRE",1940,1940
"UKG","BRA",1940,1940
"UKG","GRC",1941,1941
"GMY","BUL",1941,1941
"USR","BUL",1941,1941
"RUM","HUN",1941,1941
"UKG","BUL",1941,1941
"RUM","USR",1941,1941
"GMY","EGY",1941,1941
"GMY","CHL",1942,1942
"GMY","URU",1942,1942
"RUM","HAI",1942,1942
"GMY","PAN",1942,1942
"GMY","HON",1942,1942
"GMY","VEN",1942,1942
"GMY","SPN",1943,1943
"GMY","EGY",1943,1943
"GMY","PAN",1943,1943
"CAN","USA",1989,1989
"PAN","USA",1989,1989
"SAL","HON",1989,1989
"HON","NIC",1989,1989
"FRN","COM",1989,1989
"FRN","LEB",1989,1990
"SYR","MLT",1989,1989
"TUR","GRC",1989,1989
"MAA","SEN",1989,1989
"UGA","KEN",1989,1989
"SUD","UGA",1989,1990
"SOM","KEN",1989,1989
"IRQ","IRN",1989,1989
"EGY","ISR",1989,1989
"PAK","AFG",1989,1989
"PRK","ROK",1989,1989
"IND","SRI",1989,1989
"MYA","THI",1989,1989
"DRV","THI",1989,1989
"IRN","IRQ",1989,1989
"SYR","TUR",1989,1989
"USA","CUB",1990,1990
"FRN","PRK",1990,1990
"SEN","GNB",1990,1990
"SEN","MAA",1989,1990
"LBR","CDI",1990,1990
"ZAI","ZAM",1990,1990
"IRQ","ISR",1990,1991
"JOR","TUR",1990,1991
"IRQ","TUR",1990,1991
"JOR","SIE",1990,1991
"IRQ","SIE",1990,1991
"JOR","SEN",1990,1991
"IRQ","SEN",1990,1991
"JOR","PAK",1990,1991
"IRQ","PAK",1990,1991
"JOR","NIR",1990,1991
"IRQ","NIR",1990,1991
"JOR","MOR",1990,1991
"IRQ","MOR",1990,1991
"JOR","BNG",1990,1991
"IRQ","BNG",1990,1991
"JOR","NTH",1990,1991
"IRQ","NTH",1990,1991
"JOR","ARG",1990,1991
"IRQ","ARG",1990,1991
"JOR","SPN",1990,1991
"IRQ","SPN",1990,1991
"JOR","BEL",1990,1991
"IRQ","BEL",1990,1991
"JOR","GRC",1990,1991
"IRQ","GRC",1990,1991
"JOR","GMY",1990,1991
"IRQ","GMY",1990,1991
"JOR","QAT",1990,1991
"IRQ","QAT",1990,1991
"JOR","OMA",1990,1991
"IRQ","OMA",1990,1991
"JOR","AUL",1990,1991
"IRQ","AUL",1990,1991
"JOR","BAH",1990,1991
"IRQ","BAH",1990,1991
"JOR","SYR",1990,1991
"IRQ","SYR",1990,1991
"JOR","CAN",1990,1991
"IRQ","CAN",1990,1991
"JOR","UAE",1990,1991
"IRQ","UAE",1990,1991
"JOR","UKG",1990,1991
"IRQ","UKG",1990,1991
"JOR","EGY",1990,1991
"IRQ","EGY",1990,1991
"JOR","FRN",1990,1991
"IRQ","FRN",1990,1991
"JOR","ITA",1990,1991
"IRQ","ITA",1990,1991
"JOR","SAU",1990,1991
"IRQ","SAU",1990,1991
"JOR","USA",1990,1991
"IRQ","USA",1990,1991
"JOR","KUW",1990,1990
"IRQ","KUW",1990,1990
"ISR","JOR",1990,1991
"IND","PAK",1990,1990
"MYA","THI",1990,1990
"INS","PNG",1990,1990
"EGY","SUD",1991,1991
"IRQ","JPN",1991,1991
"USA","CAN",1991,1991
"IRN","USA",1991,1991
"FRN","IRQ",1991,1991
"UKG","IRQ",1991,1991
"USA","IRQ",1991,1991
"FRN","ZAI",1991,1991
"BEL","ZAI",1991,1991
"YUG","AUS",1991,1991
"YUG","HUN",1991,1991
"SIE","LBR",1991,1991
"UGA","RWA",1991,1991
"TUR","IRQ",1991,1991
"ISR","IRQ",1991,1991
"IRQ","KUW",1991,1991
"TAW","CHN",1991,1991
"ROK","PRK",1991,1991
"IND","PAK",1991,1991
"MYA","BNG",1991,1991
"PER","ECU",1991,1991
"HON","NIC",1991,1991
"ISR","LEB",1977,1978
"THI","CAM",1994,1996
"THI","MYA",1995,1995
"MYA","THI",1996,1996
"VTM","CAM",1996,1996
"BNG","IND",1995,1995
"IND","BNG",1996,1996
"PAK","IND",1993,1999
"VTM","THI",1995,1995
"VEN","COL",1995,1995
"HON","SAL",1993,1993
"NIC","HON",1995,1995
"HON","NIC",1995,1995
"ECU","PER",1995,1995
"BLZ","GUA",1993,1993
"BLZ","GUA",1995,1995
"ARG","HAI",1993,1994
"CAN","HAI",1993,1994
"DOM","HAI",1993,1994
"FRN","HAI",1993,1994
"NTH","HAI",1993,1994
"UKG","HAI",1993,1994
"USA","HAI",1993,1994
"PRK","CHN",1993,1993
"PRK","CHN",1995,1995
"TAW","CHN",1995,1995
"USA","PRK",1993,1993
"ROK","PRK",1993,1993
"PRK","AUL",1993,1994
"PRK","CAN",1993,1994
"PRK","JPN",1993,1999
"PRK","ROK",1993,1999
"PRK","USA",1993,1999
"CHN","TAW",1993,1993
"TAW","PHI",1994,1994
"JPN","TAW",1996,1996
"CHN","PHI",1995,1995
"PHI","CHN",1996,1997
"CHN","VTM",1993,1993
"CHN","VTM",1994,1994
"CAN","SPN",1995,1995
"DRC","BEL",1993,1993
"CHN","TAW",1994,1994
"TUR","CYP",1993,1993
"CYP","TUR",1993,1993
"TUR","GRC",1994,1995
"GRC","ALB",1994,1994
"RUS","JPN",1993,1995
"ALB","YUG",1993,1994
"YUG","ALB",1995,1995
"YUG","MAC",1994,1994
"YUG","USA",1994,1994
"FRN","CRO",1993,1993
"RUS","UKR",1994,1994
"RUS","MLD",1993,1993
"CHN","RUS",1993,1993
"KYR","AFG",1993,1993
"KZK","AFG",1993,1993
"TKM","AFG",1993,1993
"UZB","AFG",1993,1993
"RUS","AFG",1993,1994
"TAJ","AFG",1993,1994
"RUS","AFG",1994,1995
"ALB","MAC",1993,1993
"TAW","VTM",1995,1995
"CHN","JPN",1995,1995
"CHN","JPN",1996,1996
"INS","CHN",1996,1996
"CHN","USA",1995,1996
"CHN","TAW",1995,1996
"CHN","ROK",1994,1994
"CHN","USA",1994,1994
"GHA","TOG",1993,1993
"CHA","NIR",1993,1993
"NIG","CHA",1995,1995
"DRC","CON",1993,1993
"DRC","ANG",1994,1994
"IRN","IRQ",1993,1993
"EGY","IRN",1993,1993
"PNG","SOL",1993,1993
"PNG","SOL",1996,1996
"UGA","SUD",1994,1997
"ETH","SUD",1994,1996
"SUD","ERI",1994,1994
"ERI","DJI",1995,1996
"KEN","UGA",1995,1995
"KEN","UGA",1995,1995
"NIG","CDI",1993,1993
"KZK","BUL",1996,1996
"CHN","USA",1999,2000
"CHN","TAW",1999,2000
"PRK","CHN",1997,1997
"GRC","ALB",1997,1997
"TUR","GRC",1995,1996
"TUR","CYP",1994,1995
"TUR","GRC",1996,1999
"TUR","GRC",1996,2001
"TUR","GRC",1996,1998
"TUR","CYP",1996,2001
"RUS","GRG",1997,1997
"ALB","MAC",1997,1997
"RUS","UKR",1996,1996
"YUG","CRO",1995,1995
"HUN","CRO",1995,1996
"HUN","YUG",1995,1996
"RUS","LAT",1994,1994
"CHN","RUS",1994,1994
"RUS","LIT",1995,1995
"RUS","POL",1993,1993
"RUS","POL",1997,1997
"UKR","RUM",1997,1997
"AZE","GRG",1996,1996
"RUS","LAT",1998,1999
"IRN","IRQ",1994,1994
"SAU","YEM",1994,1995
"TOG","GHA",1994,1994
"BOT","NAM",1997,1998
"TAZ","BUI",1995,1995
"CAO","NIG",1994,1994
"ERI","YEM",1995,1996
"DRC","RWA",1996,1997
"BUI","TAZ",1997,1997
"ERI","SUD",1996,1999
"ROK","PRK",1999,1999
"USA","PRK",1999,1999
"ROK","JPN",1996,1996
"JPN","ROK",1999,1999
"PHI","CHN",1998,2000
"ETH","SUD",1997,1997
"ERI","YEM",1997,1997
"TUR","GRC",1999,1999
"EGY","SUD",1995,1995
"THI","CAM",1997,1998
"YUG","ALB",1997,1997
"CZR","YUG",1998,1999
"HUN","YUG",1998,1999
"LIT","YUG",1998,1998
"POL","YUG",1998,1999
"RUS","YUG",1998,1998
"GRC","YUG",1998,1999
"LUX","YUG",1998,1999
"MAC","YUG",1998,1999
"MAC","YUG",1998,1998
"BEL","YUG",1998,1999
"CAN","YUG",1998,1999
"DEN","YUG",1998,1999
"FRN","YUG",1998,1999
"GMY","YUG",1998,1999
"ICE","YUG",1998,1999
"ITA","YUG",1998,1999
"NOR","YUG",1998,1999
"NTH","YUG",1998,1999
"POR","YUG",1998,1999
"SPN","YUG",1998,1999
"TUR","YUG",1998,1999
"UKG","YUG",1998,1999
"USA","YUG",1998,1999
"ALB","YUG",1998,1999
"MYA","THI",1999,1999
"NIC","HON",1999,2000
"HON","NIC",2000,2000
"PER","ECU",1995,1996
"ECU","PER",1997,1997
"NIC","COL",1994,1994
"COS","NIC",1995,1995
"NIC","COS",1998,1998
"UKG","CHL",1996,1996
"VEN","TRI",1996,1996
"BLZ","GUA",1997,1997
"GUA","BLZ",2000,2000
"BLZ","GUA",2000,2001
"VEN","TRI",1997,1997
"VEN","TRI",1999,1999
"SUR","GUY",2000,2000
"TUR","IRQ",1995,1995
"IRN","AFG",1995,1995
"AFG","IRN",1998,1998
"IRN","AFG",1999,1999
"SAF","LES",1994,1994
"LIB","CHA",1994,1994
"CAO","NIG",1995,1995
"CAO","NIG",1996,1997
"ANG","CON",1995,1995
"SWA","MZM",1994,1994
"DRC","UGA",1996,1996
"NIC","HON",1997,1997
"VEN","COL",1997,1997
"TUR","RUS",1996,1996
"USA","RUS",1997,1997
"ARM","AZE",1998,1999
"KYR","AFG",1997,1997
"RUS","AFG",1997,1997
"TAJ","AFG",1997,1997
"UZB","AFG",1997,1997
"UZB","KYR",1999,1999
"UZB","TAJ",1999,1999
"CHN","JPN",1999,1999
"ISR","LEB",1993,2006
"ISR","SYR",1993,1993
"ISR","SYR",1993,1994
"ISR","SYR",1993,1995
"ISR","SYR",1993,1996
"ISR","SYR",1993,2001
"CAN","USA",1997,1997
"AUS","YUG",2000,2000
"AZE","YUG",2000,2000
"BUL","YUG",2000,2000
"EST","YUG",2000,2000
"FIN","YUG",2000,2000
"GRG","YUG",2000,2000
"IRE","YUG",2000,2000
"JOR","YUG",2000,2000
"LIT","YUG",2000,2000
"MOR","YUG",2000,2000
"POR","YUG",2000,2000
"RUS","YUG",2000,2000
"SLO","YUG",2000,2000
"SLV","YUG",2000,2000
"SWD","YUG",2000,2000
"SWZ","YUG",2000,2000
"UAE","YUG",2000,2000
"UKR","YUG",2000,2000
"BEL","YUG",2000,2000
"CAN","YUG",2000,2000
"CZR","YUG",2000,2000
"DEN","YUG",2000,2000
"FRN","YUG",2000,2000
"GMY","YUG",2000,2000
"GRC","YUG",2000,2000
"HUN","YUG",2000,2000
"ICE","YUG",2000,2000
"LUX","YUG",2000,2000
"NOR","YUG",2000,2000
"SPN","YUG",2000,2000
"TUR","YUG",2000,2000
"UKG","YUG",2000,2000
"ARG","YUG",2000,2000
"ITA","YUG",2000,2000
"NTH","YUG",2000,2000
"POL","YUG",2000,2000
"RUM","YUG",2000,2000
"USA","YUG",2000,2000
"DJI","ERI",1998,1998
"ETH","KEN",1999,1999
"ECU","PER",1998,1998
"SYR","USA",1996,1996
"SYR","TUR",1996,1996
"TUR","IRN",1996,1996
"IRN","IRQ",1996,1997
"GRC","TUR",1997,1998
"CUB","USA",1996,1996
"RUS","CAN",2000,2000
"RUS","USA",2000,2000
"ERI","YEM",1999,1999
"RUS","AFG",1999,2001
"UZB","AFG",1999,2000
"SAU","YEM",1997,1998
"IRN","IRQ",1997,1998
"TUR","IRQ",1996,1999
"TUR","IRQ",1999,1999
"GRC","TUR",2000,2000
"RUS","GRG",1999,2001
"USA","RUS",2000,2000
"EQG","LIT",2000,2000
"KUW","IRQ",1999,1999
"USA","IRN",1997,1997
"USA","SUD",1998,1998
"PRK","ROK",2000,2000
"PRK","USA",2000,2000
"VEN","COL",1994,1994
"RUS","USA",2000,2000
"TUR","ARM",2000,2000
"TUR","RUS",2000,2000
"RUS","JPN",2000,2000
"IND","PAK",1999,2000
"TUR","YUG",1993,1993
"PRK","JPN",1999,1999
"PRK","JPN",1997,1997
"USA","AFG",1998,1998
"RUS","AFG",1998,1998
"TAJ","AFG",1998,1998
"UZB","AFG",1998,1998
"ALB","YUG",2000,2001
"CRO","YUG",1997,1997
"CRO","BOS",1996,1996
"ARM","AZE",2000,2000
"ARM","AZE",2001,2001
"AZE","ARM",2001,2001
"LES","SAF",1994,1994
"NOR","RUS",2001,2001
"RUS","JPN",2001,2001
"BLR","LIT",2001,2001
"RUS","GRG",2001,2005
"PAL","PHI",2000,2000
"ANG","DRC",1997,1997
"DRC","CON",1997,1997
"ANG","CON",1997,1997
"SUD","UGA",1998,1999
"KEN","UGA",1997,1997
"CAO","NIG",1998,1998
"GHA","SIE",1997,1998
"GUI","SIE",1997,1998
"NIG","SIE",1997,1998
"UGA","RWA",1999,1999
"UGA","RWA",2000,2000
"USA","LBR",1998,1998
"NIG","LBR",1998,1998
"NIG","LBR",1999,1999
"SIE","LBR",1999,1999
"LBR","GUI",2000,2001
"ERI","ETH",1998,2000
"HON","NIC",2001,2001
"VEN","GUY",1999,1999
"USA","VEN",2000,2000
"VEN","COL",2000,2000
"COL","NIC",2001,2001
"AUL","INS",1999,1999
"JPN","PRK",2001,2001
"BAH","IRQ",1994,1994
"FRN","IRQ",1994,1994
"KUW","IRQ",1994,1995
"OMA","IRQ",1994,1994
"UAE","IRQ",1994,1994
"UKG","IRQ",1994,1994
"USA","IRQ",1994,1995
"KUW","IRQ",1996,1996
"UKG","IRQ",1996,1996
"USA","IRQ",1996,1996
"KUW","IRQ",1996,1997
"TUR","IRQ",1997,1999
"EGY","IRQ",1997,1999
"FRN","IRQ",1997,1999
"GMY","IRQ",1997,1999
"GRC","IRQ",1997,1999
"ITA","IRQ",1997,1999
"JOR","IRQ",1997,1999
"NTH","IRQ",1997,1999
"UAE","IRQ",1997,1999
"ISR","IRQ",1997,1998
"KUW","IRQ",1997,2001
"SAU","IRQ",1997,2001
"UKG","IRQ",1997,2003
"USA","IRQ",1997,2003
"ISR","IRQ",1997,2002
"KUW","IRQ",1997,2003
"AUL","IRQ",1997,2003
"UAE","IRQ",1997,2003
"SAU","IRQ",1997,2003
"BAH","IRQ",1997,2003
"NTH","IRQ",1997,2003
"OMA","IRQ",1997,2003
"QAT","IRQ",1997,2003
"POL","IRQ",1997,2003
"IRQ","KUW",1999,1999
"KUW","IRQ",2000,2000
"PAK","IND",2001,2003
"CHN","AUL",2001,2001
"CHN","PHI",2001,2001
"CHN","USA",2001,2001
"CHN","TAW",2001,2001
"CHN","USA",2001,2001
"PRK","ROK",2001,2004
"GMY","AFG",2001,2001
"GRC","AFG",2001,2001
"NTH","AFG",2001,2001
"POR","AFG",2001,2001
"SPN","AFG",2001,2001
"TAJ","AFG",2001,2001
"CAN","AFG",2001,2001
"FRN","AFG",2001,2001
"TUR","AFG",2001,2001
"PAK","AFG",2001,2001
"RUS","AFG",2001,2001
"UKG","AFG",2001,2001
"USA","AFG",2001,2001
"UZB","AFG",2001,2001
"AUL","AFG",2001,2001
"CEN","CHA",2001,2001
"ARM","IRN",1994,1994
"SUD","EGY",1993,1993
"SUD","EGY",1994,1994
"EGY","SUD",1996,1996
"TUR","IRN",1999,1999
"TUR","IRN",2001,2001
"TUR","SYR",1998,1998
"IRN","IRQ",1999,1999
"QAT","SAU",1995,1995
"YUG","CAN",2000,2000
"YUG","UKG",2000,2000
"AUL","NOR",2001,2001
"RUS","JPN",1996,1996
"YUG","CRO",2000,2000
"YUG","USA",2000,2000
"USA","IRQ",1993,1993
"GUI","SIE",2001,2001
"SIE","LBR",2001,2001
"GUI","LBR",1999,1999
"ANG","ZAM",2001,2001
"SUD","UGA",1997,1997
"UGA","SUD",2001,2001
"CEN","CAO",2001,2001
"DRC","ZAM",1994,1994
"NIR","MLI",1993,1993
"GUI","CDI",1996,1996
"UGA","RWA",2001,2001
"NIR","BEN",2000,2000
"IND","BNG",2001,2001
"MYA","THI",2001,2001
"SYR","TUR",1997,1997
"IRN","AZE",2001,2001
"ARM","AZE",1995,1996
"ARM","AZE",1996,1997
"GRC","TUR",2000,2003
"NOR","RUS",1998,1998
"JPN","PRK",1999,1999
"TUR","GRC",1997,1997
"TUR","IRQ",2000,2001
"TUR","IRQ",2001,2003
"VTM","CHN",1998,1998
"PHI","VTM",1998,1998
"VTM","PHI",1999,1999
"TAW","VTM",1994,1994
"HUN","YUG",1994,1994
"YUG","BOS",1994,1994
"UKG","RUS",1999,1999
"NOR","RUS",1999,1999
"IRN","TUR",1997,1997
"AZE","RUS",1999,1999
"ANG","RWA",1998,2001
"CHA","RWA",1998,1999
"DRC","RWA",1998,2001
"NAM","RWA",1998,2001
"ZIM","RWA",1998,2001
"ANG","UGA",1998,2001
"CHA","UGA",1998,1999
"DRC","UGA",1998,2001
"NAM","UGA",1998,2001
"ZIM","UGA",1998,2001
"YUG","CRO",1993,1993
"CRO","BOS",1993,1994
"RUS","BEL",1999,1999
"RUS","CAN",1999,1999
"RUS","DEN",1999,1999
"RUS","FRN",1999,1999
"RUS","GMY",1999,1999
"RUS","ITA",1999,1999
"RUS","NOR",1999,1999
"RUS","NTH",1999,1999
"RUS","POR",1999,1999
"RUS","SPN",1999,1999
"RUS","TUR",1999,1999
"RUS","UKG",1999,1999
"RUS","USA",1999,1999
"YUG","ARG",2000,2000
"YUG","AUS",2000,2000
"YUG","AZE",2000,2000
"YUG","BEL",2000,2000
"YUG","BUL",2000,2000
"YUG","CAN",2000,2000
"YUG","CZR",2000,2000
"YUG","DEN",2000,2000
"YUG","EST",2000,2000
"YUG","FIN",2000,2000
"YUG","FRN",2000,2000
"YUG","GMY",2000,2000
"YUG","GRC",2000,2000
"YUG","GRG",2000,2000
"YUG","HUN",2000,2000
"YUG","ICE",2000,2000
"YUG","IRE",2000,2000
"YUG","ITA",2000,2000
"YUG","JOR",2000,2000
"YUG","LIT",2000,2000
"YUG","LUX",2000,2000
"YUG","MOR",2000,2000
"YUG","NOR",2000,2000
"YUG","NTH",2000,2000
"YUG","POL",2000,2000
"YUG","POR",2000,2000
"YUG","RUS",2000,2000
"YUG","SLO",2000,2000
"YUG","SLV",2000,2000
"YUG","SPN",2000,2000
"YUG","SWD",2000,2000
"YUG","SWZ",2000,2000
"YUG","TUR",2000,2000
"YUG","UAE",2000,2000
"YUG","UKG",2000,2000
"YUG","UKR",2000,2000
"YUG","USA",2000,2000
"RUS","TUR",1999,1999
"ETH","SOM",2002,2002
"ETH","KEN",2002,2002
"RWA","DRC",2002,2002
"SIE","LBR",2002,2002
"SUD","ERI",2002,2002
"UGA","KEN",2002,2002
"SEN","GAM",2002,2002
"MOR","SPN",2002,2002
"TAZ","BUI",2002,2002
"UKG","ZIM",2002,2002
"ETH","ERI",2002,2002
"RWA","DRC",2002,2003
"RWA","UGA",2002,2003
"ANG","DRC",2002,2002
"LBR","CDI",2002,2003
"LIB","DRC",2002,2003
"SUD","RUS",2003,2003
"ALG","MLI",2003,2003
"ETH","ERI",2003,2003
"ETH","KEN",2003,2003
"MLI","MAA",2003,2003
"RWA","BUI",2004,2004
"RWA","DRC",2004,2004
"BUI","DRC",2004,2004
"SUD","CHA",2004,2005
"SUD","FRN",2004,2005
"ZAM","DRC",2004,2004
"KEN","ETH",2004,2004
"ERI","SUD",2004,2005
"CDI","FRN",2004,2005
"CDI","USA",2004,2004
"UGA","RWA",2004,2004
"KEN","SOM",2005,2005
"ETH","KEN",2005,2005
"ETH","ERI",2005,2005
"ETH","SOM",2005,2005
"ANG","DRC",2005,2005
"TOG","GHA",2005,2005
"ERI","YEM",2005,2005
"CAO","NIG",2005,2005
"UGA","DRC",2005,2005
"FRN","CDI",2005,2005
"ETH","ERI",2005,2005
"CHA","SUD",2005,2006
"ETH","KEN",2006,2006
"UGA","DRC",2006,2006
"ETH","SOM",2006,2007
"RWA","BUI",2006,2006
"ERI","ETH",2006,2006
"CHA","SUD",2006,2007
"KEN","SOM",2006,2006
"UGA","DRC",2007,2007
"DRC","BUI",2007,2008
"ETH","ERI",2007,2007
"CHA","SUD",2007,2008
"SOM","ETH",2008,2008
"USA","SOM",2008,2008
"ERI","DJI",2008,2008
"SUD","ETH",2008,2008
"KEN","SOM",2008,2008
"ETH","SOM",2008,2010
"ANG","DRC",2009,2009
"CHA","SUD",2009,2009
"KEN","SOM",2009,2009
"ETH","ERI",2010,2010
"RWA","UGA",2010,2010
"ERI","YEM",2010,2010
"UGA","KEN",2010,2010
"IRN","AZE",2002,2002
"TUR","CYP",2002,2002
"TUR","GRC",2002,2002
"RUS","AZE",2002,2002
"MAC","ALB",2002,2002
"CRO","SLV",2002,2002
"ARM","AZE",2002,2010
"TUR","GRC",2002,2002
"RUS","GRG",2003,2003
"DEN","RUS",2003,2003
"IRN","AZE",2003,2003
"MLD","UKR",2003,2004
"RUS","GRG",2003,2003
"UZB","TAJ",2004,2004
"GRG","RUS",2004,2004
"TUR","GRC",2004,2005
"RUS","GRG",2005,2006
"RUS","UKR",2005,2005
"TAJ","KYR",2005,2005
"TAJ","UZB",2005,2005
"KYR","UZB",2005,2005
"NOR","RUS",2005,2005
"KYR","UZB",2005,2005
"GRC","TUR",2006,2006
"KYR","UZB",2006,2006
"TAJ","UZB",2006,2006
"ARM","TUR",2006,2006
"TUR","GRC",2007,2007
"RUS","GRG",2007,2010
"RUS","FIN",2007,2008
"RUS","UKR",2008,2008
"BUL","TUR",2008,2008
"RUS","NOR",2008,2008
"UKR","MLD",2009,2009
"KYR","UZB",2010,2010
"TUR","GRC",2010,2010
"TAW","CHN",2002,2002
"CHN","JPN",2002,2002
"CHN","DRV",2002,2002
"CHN","ROK",2002,2002
"PHI","CHN",2002,2002
"JPN","PRK",2002,2002
"CHN","USA",2002,2002
"USA","PRK",2002,2002
"SPN","PRK",2002,2002
"INS","PNG",2003,2003
"INS","PHI",2003,2003
"JPN","TAW",2003,2003
"USA","PRK",2003,2003
"JPN","PRK",2003,2003
"JPN","CHN",2003,2004
"CHN","IND",2003,2003
"SPN","ROK",2003,2003
"USA","INS",2003,2003
"TAW","PHI",2003,2003
"TAW","CHN",2003,2004
"CHN","PRK",2003,2003
"DRV","CHN",2003,2003
"USA","PRK",2004,2004
"CHN","PRK",2004,2004
"CHN","JPN",2004,2004
"JPN","ROK",2005,2005
"TAW","CHN",2005,2005
"TAW","JPN",2005,2005
"INS","CRO",2005,2005
"CHN","JPN",2005,2005
"PRK","ROK",2005,2005
"CHN","BHU",2005,2006
"RUS","JPN",2006,2006
"ROK","JPN",2006,2006
"RUS","JPN",2006,2006
"CHN","TAW",2007,2007
"CHN","JPN",2007,2007
"PRK","ROK",2007,2007
"RUS","JPN",2008,2008
"PRK","ROK",2008,2008
"TAW","JPN",2008,2008
"ROK","PRK",2009,2010
"USA","PRK",2009,2010
"RUS","JPN",2009,2009
"RUS","CHN",2009,2009
"CHN","USA",2009,2009
"IND","CHN",2009,2009
"CHN","DRV",2010,2010
"CHN","JPN",2010,2010
"PRK","CHN",2010,2010
"JPN","CHN",2010,2010
"JPN","TAW",2010,2010
"ROK","CHN",2010,2010
"ARG","RUS",2002,2002
"VEN","COL",2003,2003
"BRA","PER",2003,2003
"DOM","HAI",2004,2004
"ECU","COL",2005,2005
"COL","ECU",2006,2006
"VEN","COL",2006,2006
"COL","ECU",2007,2007
"COL","ECU",2008,2008
"VEN","COL",2008,2008
"ECU","COL",2009,2009
"COL","VEN",2009,2009
"USA","VEN",2010,2010
"COL","VEN",2010,2010
"COS","NIC",2010,2010
"SAU","ISR",2002,2002
"IRN","IRQ",2002,2003
"ISR","SYR",2003,2003
"USA","IRN",2003,2003
"UKG","IRN",2003,2003
"ISR","IRQ",2003,2003
"IRN","IRQ",2003,2003
"ISR","SWZ",2003,2003
"USA","TUR",2003,2003
"ISR","SYR",2003,2003
"USA","SYR",2004,2004
"IRN","USA",2004,2004
"TUR","SYR",2004,2004
"UAE","IRN",2004,2004
"QAT","IRN",2004,2004
"IRN","IRQ",2004,2005
"USA","IRN",2004,2005
"TUR","IRN",2004,2004
"ISR","EGY",2004,2004
"SYR","IRQ",2005,2005
"SYR","USA",2005,2005
"TUR","IRQ",2005,2005
"IRN","IRQ",2005,2005
"YEM","SAU",2005,2006
"EGY","ISR",2006,2006
"ISR","SYR",2006,2006
"ISR","LEB",2006,2009
"IRQ","IRN",2006,2007
"USA","IRN",2007,2007
"IRN","IRQ",2007,2009
"TUR","IRQ",2007,2009
"USA","IRN",2007,2007
"ISR","SYR",2007,2007
"USA","SYR",2008,2008
"IRN","USA",2008,2008
"ISR","FRN",2009,2009
"IRN","IRQ",2009,2009
"IRN","USA",2009,2009
"ISR","EGY",2009,2009
"ISR","LEB",2009,2010
"IRN","IRQ",2009,2010
"IRN","IRQ",2010,2010
"ISR","IRN",2010,2010
"DEN","CAN",2004,2004
"CAN","POR",2005,2005
"CAN","DEN",2005,2006
"PAK","AFG",2002,2005
"PAK","USA",2002,2005
"MYA","THI",2002,2002
"BNG","IND",2002,2002
"IND","BNG",2002,2007
"MAL","SIN",2003,2003
"MYA","THI",2003,2003
"MYA","THI",2003,2003
"MAL","THI",2004,2004
"INS","THI",2004,2004
"IND","PAK",2004,2004
"MYA","THI",2004,2004
"NEP","IND",2004,2005
"MYA","THI",2004,2005
"IND","MYA",2004,2004
"IND","PAK",2005,2005
"MAL","INS",2005,2005
"USA","PAK",2005,2005
"CAM","THI",2005,2005
"MAL","THI",2005,2005
"USA","PAK",2005,2006
"MAL","THI",2006,2006
"PAK","AFG",2006,2006
"THI","MYA",2006,2006
"USA","PAK",2006,2010
"AFG","PAK",2006,2007
"USA","PAK",2007,2007
"IRN","AFG",2007,2007
"MYA","THI",2007,2007
"IND","CHN",2007,2007
"USA","PAK",2008,2009
"IND","BNG",2008,2008
"IRN","AFG",2008,2008
"AFG","PAK",2008,2009
"PAK","IND",2008,2010
"MAL","INS",2008,2008
"SRI","IND",2008,2008
"THI","CAM",2008,2010
"INS","PNG",2008,2008
"BNG","IND",2008,2008
"BNG","MYA",2008,2009
"IND","BNG",2008,2008
"IND","BNG",2009,2010
"IRN","AFG",2009,2009
"MYA","THI",2009,2009
"MYA","BNG",2009,2009
"IRN","PAK",2009,2009
"USA","PAK",2010,2010
"IRN","AFG",2010,2010
"TUR","BUL",1940,1940
